2021-09-20 11:20:10.000,62.072212,29.953274
2021-09-20 12:16:44.000,62.069851,29.965174
2021-09-21 07:44:15.000,62.079556,29.951511
2021-09-21 08:42:56.000,62.07373,29.942453
2021-09-21 09:43:01.000,62.073795,29.942862
2021-09-21 10:44:04.000,62.073544,29.943325
2021-09-21 11:26:06.000,62.077572,29.982769
2021-09-21 11:36:10.000,62.077667,29.982815
2021-09-21 11:46:21.000,62.078262,29.983816
2021-09-21 11:56:30.000,62.077896,29.982279
2021-09-21 12:06:06.000,62.077347,29.980755
2021-09-21 12:17:03.000,62.069927,29.977684
2021-09-21 12:26:25.000,62.078991,29.983213
2021-09-21 12:36:12.000,62.071724,29.976608
2021-09-21 12:46:33.000,62.072311,29.974716
2021-09-21 12:56:09.000,62.080956,29.97282
2021-09-21 13:06:10.000,62.080883,29.973011
2021-09-21 13:16:36.000,62.080845,29.973053
2021-09-21 13:26:09.000,62.08086,29.97319
2021-09-21 13:36:09.000,62.080868,29.973156
2021-09-21 13:46:12.000,62.080868,29.973307
2021-09-21 13:57:30.000,62.080784,29.973352
2021-09-21 14:06:33.000,62.080788,29.9734
2021-09-21 14:16:35.000,62.080688,29.974081
2021-09-21 14:26:10.000,62.077618,29.981392
2021-09-21 14:36:10.000,62.07761,29.983107
2021-09-21 14:46:09.000,62.077637,29.982958
2021-09-21 14:56:16.000,62.077713,29.982866
2021-09-21 15:06:14.000,62.077671,29.982975
2021-09-21 15:17:20.000,62.077553,29.98317
2021-09-21 15:26:31.000,62.077625,29.983204
2021-09-21 15:36:49.000,62.077785,29.983168
2021-09-21 15:46:14.000,62.077744,29.982737
2021-09-21 15:56:22.000,62.078014,29.982502
2021-09-21 16:06:57.000,62.078022,29.982073
2021-09-21 16:17:31.000,62.078289,29.980673
2021-09-21 16:27:31.000,62.078285,29.980581
2021-09-21 16:37:03.000,62.073185,29.975668
2021-09-21 16:46:08.000,62.072189,29.960207
2021-09-21 16:56:33.000,62.07225,29.965996
2021-09-21 17:06:07.000,62.073387,29.964447
2021-09-21 17:16:22.000,62.073257,29.964128
2021-09-21 17:26:08.000,62.073734,29.964317
2021-09-21 17:36:09.000,62.07354,29.963915
2021-09-21 17:46:08.000,62.073231,29.963364
2021-09-21 17:56:07.000,62.073658,29.962723
2021-09-21 18:06:09.000,62.073387,29.962454
2021-09-21 18:16:48.000,62.073044,29.962099
2021-09-21 18:26:41.000,62.074497,29.96109
2021-09-21 18:36:42.000,62.074612,29.960424
2021-09-21 18:46:43.000,62.074646,29.960678
2021-09-21 18:48:42.000,62.074463,29.959723
2021-09-22 03:30:41.000,62.071716,29.953728
2021-09-22 03:39:48.000,62.072647,29.956825
2021-09-22 03:49:43.000,62.072773,29.959541
2021-09-22 03:59:42.000,62.072708,29.959
2021-09-22 04:09:46.000,62.072632,29.950191
2021-09-22 04:19:46.000,62.077522,29.979252
2021-09-22 04:29:44.000,62.078377,29.979795
2021-09-22 04:39:46.000,62.0784,29.979805
2021-09-22 04:49:48.000,62.078396,29.979582
2021-09-22 04:59:53.000,62.076263,29.982508
2021-09-22 05:09:45.000,62.071262,29.966806
2021-09-22 05:20:27.000,62.072098,29.965698
2021-09-22 05:29:48.000,62.071709,29.963421
2021-09-22 05:40:37.000,62.078606,29.979069
2021-09-22 05:49:57.000,62.078514,29.979382
2021-09-22 05:59:44.000,62.078449,29.979862
2021-09-22 06:11:05.000,62.076183,29.971224
2021-09-22 06:21:03.000,62.08078,29.973255
2021-09-22 06:29:46.000,62.080639,29.97311
2021-09-22 06:39:45.000,62.080532,29.973953
2021-09-22 06:49:46.000,62.080521,29.973875
2021-09-22 06:59:47.000,62.080509,29.973904
2021-09-22 07:09:43.000,62.080379,29.974154
2021-09-22 07:19:46.000,62.080471,29.974174
2021-09-22 07:29:44.000,62.080517,29.974928
2021-09-22 07:40:03.000,62.072605,29.964407
2021-09-22 07:49:42.000,62.080738,29.972092
2021-09-22 07:59:45.000,62.080761,29.9722
2021-09-22 08:09:45.000,62.080784,29.97209
2021-09-22 08:19:44.000,62.080692,29.97084
2021-09-22 08:29:45.000,62.080669,29.9706
2021-09-22 08:39:45.000,62.080704,29.970573
2021-09-22 08:50:11.000,62.080482,29.971289
2021-09-22 08:59:44.000,62.080372,29.97164
2021-09-22 09:10:03.000,62.080379,29.971884
2021-09-22 09:19:43.000,62.080196,29.972181
2021-09-22 09:29:42.000,62.08036,29.9722
2021-09-22 09:40:03.000,62.08075,29.973497
2021-09-22 09:49:45.000,62.080769,29.973629
2021-09-22 09:59:43.000,62.07132,29.963329
2021-09-22 10:10:11.000,62.072254,29.962605
2021-09-22 10:19:46.000,62.073181,29.960564
2021-09-22 10:29:47.000,62.081001,29.972813
2021-09-22 10:39:43.000,62.08112,29.972857
2021-09-22 10:49:43.000,62.080738,29.972923
2021-09-22 10:59:44.000,62.080719,29.973141
2021-09-22 11:09:42.000,62.080643,29.973106
2021-09-22 11:19:48.000,62.08062,29.973133
2021-09-22 11:29:43.000,62.080608,29.973341
2021-09-22 11:39:44.000,62.080605,29.973314
2021-09-22 11:49:44.000,62.069874,29.962646
2021-09-22 11:59:45.000,62.070873,29.964001
2021-09-22 12:09:53.000,62.072353,29.964497
2021-09-22 12:19:44.000,62.080418,29.974957
2021-09-22 12:29:46.000,62.080376,29.974854
2021-09-22 12:39:51.000,62.080288,29.97456
2021-09-22 12:49:59.000,62.080379,29.974327
2021-09-22 12:59:46.000,62.08036,29.974155
2021-09-22 13:10:30.000,62.08046,29.974009
2021-09-22 13:20:27.000,62.070534,29.968163
2021-09-22 13:29:46.000,62.070557,29.966192
2021-09-22 13:39:46.000,62.069771,29.966137
2021-09-22 13:49:50.000,62.074753,29.969267
2021-09-22 14:01:03.000,62.07896,29.955479
2021-09-22 14:11:05.000,62.078922,29.955353
2021-09-22 14:20:03.000,62.07888,29.955254
2021-09-22 14:29:45.000,62.079414,29.965328
2021-09-22 14:39:46.000,62.079178,29.958082
2021-09-22 14:49:45.000,62.079128,29.958235
2021-09-22 14:59:43.000,62.079033,29.958292
2021-09-22 15:09:42.000,62.078941,29.958281
2021-09-22 15:19:46.000,62.07893,29.958321
2021-09-22 15:29:49.000,62.078903,29.958229
2021-09-22 15:40:03.000,62.072212,29.962448
2021-09-22 15:50:33.000,62.07827,29.981176
2021-09-22 15:59:58.000,62.078312,29.980431
2021-09-22 16:09:47.000,62.078228,29.981344
2021-09-22 16:21:05.000,62.078228,29.981619
2021-09-22 16:29:54.000,62.078075,29.981857
2021-09-22 16:39:48.000,62.077965,29.981852
2021-09-22 16:50:33.000,62.077938,29.98222
2021-09-22 16:59:41.000,62.072468,29.96596
2021-09-22 17:09:45.000,62.07346,29.963617
2021-09-22 17:19:42.000,62.074409,29.961208
2021-09-22 17:30:03.000,62.074009,29.958479
2021-09-22 17:39:41.000,62.073719,29.95771
2021-09-22 17:49:41.000,62.074074,29.958975
2021-09-22 17:59:42.000,62.074009,29.958084
2021-09-22 18:09:45.000,62.073784,29.957817
2021-09-22 18:19:46.000,62.0741,29.95854
2021-09-22 18:29:42.000,62.074142,29.958876
2021-09-22 18:39:42.000,62.074085,29.959587
2021-09-22 18:44:41.000,62.073971,29.95977
2021-09-23 03:33:23.000,62.072948,29.974588
2021-09-23 03:42:33.000,62.073402,29.966738
2021-09-23 03:52:11.000,62.073692,29.968004
2021-09-23 04:02:00.000,62.074707,29.987572
2021-09-23 04:12:02.000,62.072754,29.994587
2021-09-23 04:22:00.000,62.078167,29.979542
2021-09-23 04:32:02.000,62.078129,29.979626
2021-09-23 04:42:03.000,62.078178,29.979584
2021-09-23 04:52:04.000,62.078209,29.979584
2021-09-23 05:02:06.000,62.07806,29.979738
2021-09-23 05:12:01.000,62.071167,29.978672
2021-09-23 05:22:11.000,62.072342,29.977547
2021-09-23 05:32:10.000,62.07869,29.978724
2021-09-23 05:42:11.000,62.078773,29.979763
2021-09-23 05:52:06.000,62.082581,29.97595
2021-09-23 06:03:23.000,62.074604,30.031013
2021-09-23 06:12:33.000,62.074547,30.030912
2021-09-23 06:22:01.000,62.074432,30.030941
2021-09-23 06:32:03.000,62.074448,30.030844
2021-09-23 06:42:04.000,62.074402,30.031084
2021-09-23 06:52:06.000,62.083107,30.032043
2021-09-23 07:03:23.000,62.072285,29.994627
2021-09-23 07:12:33.000,62.072289,29.994633
2021-09-23 07:22:03.000,62.072281,29.994629
2021-09-23 07:32:51.000,62.072258,29.994558
2021-09-23 07:42:01.000,62.072342,29.994934
2021-09-23 07:52:00.000,62.069027,29.988323
2021-09-23 08:02:00.000,62.069363,29.992384
2021-09-23 08:12:01.000,62.078991,29.955502
2021-09-23 08:22:01.000,62.078793,29.95532
2021-09-23 08:32:00.000,62.079659,29.959442
2021-09-23 08:42:00.000,62.07914,29.951321
2021-09-23 08:52:05.000,62.079243,29.951372
2021-09-23 09:02:02.000,62.079182,29.951427
2021-09-23 09:12:33.000,62.079205,29.951424
2021-09-23 09:22:00.000,62.079212,29.951447
2021-09-23 09:32:04.000,62.079163,29.951454
2021-09-23 09:42:05.000,62.079166,29.951344
2021-09-23 09:52:02.000,62.079182,29.95137
2021-09-23 10:02:32.000,62.079182,29.951395
2021-09-23 10:12:09.000,62.079132,29.951365
2021-09-23 10:22:05.000,62.079144,29.951487
2021-09-23 10:32:21.000,62.079151,29.951553
2021-09-23 10:42:34.000,62.078629,29.957291
2021-09-23 10:52:04.000,62.078621,29.957144
2021-09-23 11:02:04.000,62.078659,29.957129
2021-09-23 11:12:02.000,62.079586,29.952885
2021-09-23 11:22:02.000,62.079678,29.9531
2021-09-23 11:32:03.000,62.079727,29.953085
2021-09-23 11:42:03.000,62.079483,29.954531
2021-09-23 11:52:21.000,62.079395,29.954388
2021-09-23 12:02:32.000,62.079456,29.954041
2021-09-23 12:12:02.000,62.079567,29.953604
2021-09-23 12:22:02.000,62.079506,29.953573
2021-09-23 12:32:01.000,62.079498,29.953548
2021-09-23 12:42:03.000,62.079426,29.953457
2021-09-23 12:52:01.000,62.079437,29.953417
2021-09-23 13:02:02.000,62.079418,29.953524
2021-09-23 13:12:04.000,62.079567,29.953678
2021-09-23 13:22:03.000,62.079479,29.953541
2021-09-23 13:32:06.000,62.079403,29.953451
2021-09-23 13:42:10.000,62.0793,29.953405
2021-09-23 13:52:33.000,62.079182,29.953335
2021-09-23 14:02:06.000,62.079216,29.953304
2021-09-23 14:12:02.000,62.07922,29.953339
2021-09-23 14:22:01.000,62.079254,29.953327
2021-09-23 14:32:05.000,62.078945,29.953197
2021-09-23 14:42:00.000,62.079041,29.953272
2021-09-23 14:52:00.000,62.079109,29.953245
2021-09-23 15:02:04.000,62.07621,29.94615
2021-09-23 15:12:01.000,62.071148,29.960464
2021-09-23 15:22:02.000,62.0718,29.962553
2021-09-23 15:32:05.000,62.076153,29.968338
2021-09-23 15:42:02.000,62.078545,29.951838
2021-09-23 15:52:07.000,62.078491,29.951855
2021-09-23 16:03:21.000,62.078625,29.951859
2021-09-23 16:12:09.000,62.078785,29.951981
2021-09-23 16:22:08.000,62.073433,29.962528
2021-09-23 16:32:02.000,62.073135,29.966869
2021-09-23 16:42:01.000,62.073013,29.968994
2021-09-23 16:52:02.000,62.073196,29.970453
2021-09-23 17:02:01.000,62.07291,29.972088
2021-09-23 17:12:02.000,62.072346,29.974415
2021-09-23 17:22:03.000,62.072212,29.976229
2021-09-23 17:33:03.000,62.071854,29.977766
2021-09-23 17:42:00.000,62.072083,29.978792
2021-09-23 17:51:59.000,62.07193,29.978401
2021-09-23 18:02:01.000,62.071796,29.978165
2021-09-23 18:12:00.000,62.071365,29.979263
2021-09-23 18:21:59.000,62.071636,29.979506
2021-09-23 18:32:03.000,62.071709,29.978422
2021-09-23 18:39:54.000,62.072006,29.976343
2021-09-24 03:36:15.000,62.068806,29.990204
2021-09-24 03:46:15.000,62.070168,29.954355
2021-09-24 03:55:08.000,62.079453,29.951859
2021-09-24 04:04:59.000,62.079357,29.951677
2021-09-24 04:15:11.000,62.079613,29.951464
2021-09-24 04:24:56.000,62.079678,29.951437
2021-09-24 04:34:53.000,62.079674,29.951506
2021-09-24 04:44:56.000,62.08979,30.002251
2021-09-24 04:55:27.000,62.074574,30.032272
2021-09-24 05:04:58.000,62.074604,30.032246
2021-09-24 05:14:57.000,62.07362,30.02964
2021-09-24 05:25:02.000,62.074745,30.035789
2021-09-24 05:35:07.000,62.07444,30.032784
2021-09-24 05:45:12.000,62.074402,30.032713
2021-09-24 05:54:59.000,62.074337,30.032803
2021-09-24 06:05:27.000,62.074459,30.032642
2021-09-24 06:15:06.000,62.07431,30.032448
2021-09-24 06:24:58.000,62.074215,30.032913
2021-09-24 06:34:58.000,62.074406,30.032471
2021-09-24 06:44:59.000,62.07423,30.032648
2021-09-24 06:54:57.000,62.074444,30.032526
2021-09-24 07:04:57.000,62.074593,30.032749
2021-09-24 07:15:33.000,62.074265,30.032755
2021-09-24 07:24:54.000,62.074444,30.032742
2021-09-24 07:34:56.000,62.074425,30.032709
2021-09-24 07:44:56.000,62.070297,29.996153
2021-09-24 07:54:52.000,62.067566,29.985302
2021-09-24 08:04:51.000,62.067917,29.988583
2021-09-24 08:14:55.000,62.075005,30.022936
2021-09-24 08:24:57.000,62.07098,30.025288
2021-09-24 08:34:52.000,62.067806,29.97839
2021-09-24 08:44:57.000,62.068352,29.979109
2021-09-24 08:54:53.000,62.069462,29.972698
2021-09-24 09:04:57.000,62.075439,30.021694
2021-09-24 09:14:53.000,62.075008,30.02294
2021-09-24 09:24:54.000,62.07489,30.023136
2021-09-24 09:34:57.000,62.074867,30.023146
2021-09-24 09:45:27.000,62.090317,29.979914
2021-09-24 09:54:54.000,62.077614,29.94319
2021-09-24 10:05:27.000,62.077454,29.94305
2021-09-24 10:14:59.000,62.077564,29.942875
2021-09-24 10:24:57.000,62.077454,29.942524
2021-09-24 10:34:54.000,62.077271,29.941715
2021-09-24 10:44:53.000,62.077148,29.941467
2021-09-24 10:54:54.000,62.077103,29.941309
2021-09-24 11:04:54.000,62.077095,29.941345
2021-09-24 11:14:53.000,62.076984,29.941172
2021-09-24 11:24:54.000,62.07711,29.941208
2021-09-24 11:34:53.000,62.077095,29.941149
2021-09-24 11:44:59.000,62.069431,29.951992
2021-09-24 11:54:52.000,62.068687,29.951929
2021-09-24 12:06:15.000,62.067436,29.951796
2021-09-24 12:15:57.000,62.058556,29.947929
2021-09-24 12:25:03.000,62.056396,29.954136
2021-09-24 12:36:15.000,61.996014,29.876436
2021-09-24 12:46:15.000,61.937031,29.783659
2021-09-24 13:15:11.000,61.815891,29.711283
2021-09-24 13:24:59.000,61.817039,29.706799
2021-09-24 13:35:03.000,61.815228,29.710484
2021-09-24 13:45:04.000,61.81514,29.710817
2021-09-24 13:55:05.000,61.815269,29.711662
2021-09-24 14:05:08.000,61.817146,29.713116
2021-09-24 14:15:21.000,61.817165,29.71347
2021-09-24 14:25:09.000,61.817421,29.713602
2021-09-24 14:35:11.000,61.81736,29.713688
2021-09-24 14:44:55.000,61.817188,29.713766
2021-09-24 14:54:54.000,61.817417,29.714115
2021-09-24 15:04:55.000,61.81768,29.714186
2021-09-24 15:14:57.000,61.817509,29.713461
2021-09-24 15:24:55.000,61.814743,29.707308
2021-09-24 15:35:03.000,61.814789,29.707159
2021-09-24 15:44:53.000,61.81464,29.707336
2021-09-24 15:55:00.000,61.814583,29.707254
2021-09-24 16:05:27.000,61.814594,29.707184
2021-09-24 16:14:55.000,61.814659,29.707228
2021-09-24 16:24:51.000,61.817497,29.706177
2021-09-24 16:34:52.000,61.840553,29.718773
2021-09-24 16:44:52.000,61.840626,29.721716
2021-09-24 16:54:54.000,61.840763,29.724997
2021-09-24 17:04:53.000,61.840828,29.728336
2021-09-24 17:14:52.000,61.842846,29.7209
2021-09-24 17:24:52.000,61.844185,29.720903
2021-09-24 17:34:56.000,61.844727,29.719398
2021-09-24 17:44:52.000,61.844597,29.718102
2021-09-24 17:54:52.000,61.844799,29.716995
2021-09-24 18:04:53.000,61.845528,29.716381
2021-09-24 18:14:56.000,61.846962,29.716366
2021-09-24 18:25:01.000,61.847485,29.718119
2021-09-24 18:35:19.000,61.847115,29.720825
2021-09-25 03:59:33.000,61.842663,29.68075
2021-09-25 04:08:38.000,61.815739,29.710291
2021-09-25 04:18:36.000,61.815678,29.710361
2021-09-25 04:28:33.000,61.815666,29.710592
2021-09-25 04:38:30.000,61.815609,29.710806
2021-09-25 04:48:30.000,61.815613,29.711006
2021-09-25 04:58:32.000,61.815372,29.710997
2021-09-25 05:08:29.000,61.815403,29.710995
2021-09-25 05:18:34.000,61.815357,29.7108
2021-09-25 05:29:03.000,61.8153,29.710892
2021-09-25 05:38:33.000,61.815216,29.710764
2021-09-25 05:48:30.000,61.815212,29.710667
2021-09-25 05:58:29.000,61.815113,29.710632
2021-09-25 06:09:21.000,61.815098,29.710312
2021-09-25 06:18:34.000,61.81509,29.710249
2021-09-25 06:28:40.000,61.815079,29.710218
2021-09-25 06:38:47.000,61.815121,29.710155
2021-09-25 06:49:52.000,61.815075,29.710117
2021-09-25 06:58:34.000,61.810829,29.644245
2021-09-25 07:08:50.000,61.759033,29.563763
2021-09-25 07:19:03.000,61.727661,29.431145
2021-09-25 07:28:32.000,61.692616,29.317415
2021-09-25 07:38:32.000,61.643574,29.271658
2021-09-25 07:48:33.000,61.596764,29.210005
2021-09-25 07:58:33.000,61.564014,29.066284
2021-09-25 08:09:03.000,61.539589,28.917864
2021-09-25 08:18:32.000,61.518524,28.778446
2021-09-25 08:28:31.000,61.472279,28.670315
2021-09-25 08:38:35.000,61.417156,28.586113
2021-09-25 08:48:32.000,61.366188,28.571728
2021-09-25 08:58:31.000,61.324543,28.455523
2021-09-25 09:08:31.000,61.324627,28.314064
2021-09-25 09:18:30.000,61.299416,28.190712
2021-09-25 09:29:36.000,61.281979,28.182251
2021-09-25 09:39:40.000,61.281879,28.182289
2021-09-25 09:48:44.000,61.281708,28.182095
2021-09-25 09:58:31.000,61.28154,28.181725
2021-09-25 10:08:30.000,61.281658,28.182146
2021-09-25 10:18:31.000,61.281597,28.182226
2021-09-25 10:28:30.000,61.281685,28.182344
2021-09-25 10:38:31.000,61.281799,28.182566
2021-09-25 10:48:29.000,61.281754,28.182632
2021-09-25 10:58:30.000,61.281624,28.182905
2021-09-25 11:08:35.000,61.281853,28.183187
2021-09-25 11:18:31.000,61.28186,28.183159
2021-09-25 11:28:32.000,61.281891,28.183197
2021-09-25 11:38:31.000,61.281826,28.183126
2021-09-25 11:48:30.000,61.281754,28.183115
2021-09-25 11:58:39.000,61.281784,28.183378
2021-09-25 12:08:56.000,61.281689,28.183092
2021-09-25 12:18:41.000,61.281757,28.182932
2021-09-25 12:29:50.000,61.281757,28.183346
2021-09-25 12:39:33.000,61.28175,28.183283
2021-09-25 12:48:34.000,61.281475,28.183449
2021-09-25 12:58:38.000,61.281406,28.183258
2021-09-25 13:08:32.000,61.281487,28.183365
2021-09-25 13:18:33.000,61.281506,28.183067
2021-09-25 13:29:33.000,61.281551,28.18329
2021-09-25 13:38:33.000,61.281403,28.183086
2021-09-25 13:48:34.000,61.28138,28.183144
2021-09-25 13:58:32.000,61.281269,28.183193
2021-09-25 14:08:33.000,61.282413,28.182756
2021-09-25 14:18:33.000,61.275272,28.185308
2021-09-25 14:28:30.000,61.276943,28.185358
2021-09-25 14:39:03.000,61.276985,28.18553
2021-09-25 14:48:37.000,61.277107,28.18544
2021-09-25 14:58:34.000,61.277195,28.185385
2021-09-25 15:08:30.000,61.281414,28.181828
2021-09-25 15:18:32.000,61.28104,28.182295
2021-09-25 15:28:35.000,61.280968,28.182358
2021-09-25 15:38:36.000,61.280792,28.182362
2021-09-25 15:48:37.000,61.281029,28.181807
2021-09-25 15:59:40.000,61.281155,28.181618
2021-09-25 16:19:52.000,61.281185,28.182167
2021-09-25 16:28:41.000,61.276848,28.184273
2021-09-25 16:38:33.000,61.277218,28.18544
2021-09-25 16:48:31.000,61.277115,28.185476
2021-09-25 16:58:31.000,61.277039,28.185448
2021-09-25 17:08:30.000,61.277061,28.185467
2021-09-25 17:19:03.000,61.277073,28.185465
2021-09-25 17:28:29.000,61.277096,28.185545
2021-09-25 17:38:35.000,61.277103,28.185497
2021-09-25 17:48:37.000,61.277096,28.185459
2021-09-25 17:58:41.000,61.277084,28.185476
2021-09-25 18:08:30.000,61.276955,28.185677
2021-09-25 18:18:31.000,61.277145,28.185341
2021-09-25 18:28:31.000,61.277149,28.18539
2021-09-25 18:34:03.000,61.277168,28.18536
2021-09-26 03:48:49.000,61.281105,28.181393
2021-09-26 03:57:57.000,61.281399,28.181673
2021-09-26 04:07:26.000,61.281471,28.181488
2021-09-26 04:17:26.000,61.281395,28.181482
2021-09-26 05:16:57.000,61.281811,28.181507
2021-09-27 05:57:26.000,61.281425,28.183077
2021-09-27 06:07:26.000,61.281448,28.183142
2021-09-27 06:17:26.000,61.281464,28.183102
2021-09-27 06:27:26.000,61.281471,28.183144
2021-09-27 07:16:32.000,61.281578,28.181633
2021-09-27 07:26:12.000,61.281498,28.181335
2021-09-27 07:36:06.000,61.281311,28.181517
2021-09-27 07:47:03.000,61.281494,28.181299
2021-09-27 07:56:06.000,61.28154,28.181335
2021-09-27 08:06:07.000,61.281635,28.18144
2021-09-27 08:16:04.000,61.28157,28.181671
2021-09-27 08:26:05.000,61.281628,28.181726
2021-09-27 08:36:33.000,61.281647,28.18178
2021-09-27 08:46:11.000,61.281631,28.181784
2021-09-27 08:56:10.000,61.281601,28.181557
2021-09-27 09:06:09.000,61.281467,28.180992
2021-09-27 09:16:11.000,61.2813,28.181152
2021-09-27 09:47:02.000,61.281414,28.181721
2021-09-27 09:56:05.000,61.276146,28.184404
2021-09-27 10:06:33.000,61.277058,28.185446
2021-09-27 10:16:09.000,61.28014,28.182816
2021-09-27 10:26:03.000,61.277504,28.188614
2021-09-27 10:36:04.000,61.277679,28.186169
2021-09-27 10:46:08.000,61.278454,28.184505
2021-09-27 10:56:07.000,61.281307,28.181784
2021-09-27 11:06:05.000,61.281097,28.181526
2021-09-27 11:16:04.000,61.280975,28.182194
2021-09-27 11:26:06.000,61.281036,28.182245
2021-09-27 11:36:07.000,61.280998,28.18243
2021-09-27 11:46:09.000,61.281033,28.182566
2021-09-27 11:56:07.000,61.281254,28.182003
2021-09-27 12:07:26.000,61.281452,28.181601
2021-09-27 12:26:41.000,61.281376,28.181522
2021-09-27 12:36:08.000,61.281353,28.181948
2021-09-27 12:46:08.000,61.281242,28.181746
2021-09-27 12:56:11.000,61.2812,28.181973
2021-09-27 13:06:09.000,61.28101,28.181992
2021-09-27 13:17:26.000,61.280491,28.182276
2021-09-27 13:27:11.000,61.280361,28.182604
2021-09-27 13:36:21.000,61.280548,28.182825
2021-09-27 13:46:09.000,61.280727,28.182438
2021-09-27 13:56:11.000,61.280094,28.18371
2021-09-27 14:06:05.000,61.280106,28.183407
2021-09-27 14:17:26.000,61.281105,28.182192
2021-09-27 14:26:07.000,61.281151,28.182077
2021-09-27 14:36:06.000,61.281178,28.182064
2021-09-27 14:46:06.000,61.281387,28.181589
2021-09-27 14:56:05.000,61.278431,28.186876
2021-09-27 15:06:08.000,61.281555,28.183292
2021-09-27 15:16:05.000,61.281338,28.1828
2021-09-27 15:26:10.000,61.281532,28.18219
2021-09-27 16:17:26.000,61.282143,28.182554
2021-09-27 16:26:33.000,61.28228,28.182541
2021-09-27 16:36:03.000,61.282288,28.182653
2021-09-27 16:46:03.000,61.282291,28.18264
2021-09-27 16:56:04.000,61.280167,28.185644
2021-09-27 17:06:04.000,61.277126,28.185375
2021-09-27 17:16:06.000,61.277103,28.185503
2021-09-27 17:26:04.000,61.277115,28.185453
2021-09-27 17:36:04.000,61.277103,28.185598
2021-09-27 17:46:03.000,61.277088,28.185402
2021-09-27 17:56:05.000,61.2771,28.185421
2021-09-27 18:06:33.000,61.277107,28.185417
2021-09-27 18:16:06.000,61.277134,28.185463
2021-09-27 18:26:17.000,61.277172,28.1854
2021-09-27 18:36:04.000,61.275471,28.187202
2021-09-27 18:46:05.000,61.276325,28.187223
2021-09-27 18:56:33.000,61.276924,28.186058
2021-09-27 19:06:03.000,61.276825,28.184902
2021-09-27 19:16:05.000,61.276501,28.188404
2021-09-27 19:26:05.000,61.276974,28.192085
2021-09-27 19:36:04.000,61.276325,28.190659
2021-09-27 19:46:03.000,61.276848,28.186573
2021-09-27 19:56:02.000,61.276871,28.185282
2021-09-27 20:06:18.000,61.276783,28.185534
2021-09-27 20:16:06.000,61.276642,28.184845
2021-09-27 20:26:05.000,61.278168,28.185133
2021-09-27 20:36:06.000,61.279282,28.184225
2021-09-27 20:46:04.000,61.279305,28.184282
2021-09-27 20:56:04.000,61.279125,28.184393
2021-09-27 21:06:06.000,61.277508,28.185093
2021-09-27 21:16:41.000,61.27721,28.185371
2021-09-27 21:26:24.000,61.277252,28.185314
2021-09-27 21:37:07.000,61.277203,28.185404
2021-09-27 21:46:04.000,61.277176,28.185518
2021-09-27 21:56:07.000,61.277252,28.185452
2021-09-27 22:06:05.000,61.277191,28.185415
2021-09-27 22:16:10.000,61.27729,28.185497
2021-09-27 22:26:03.000,61.277279,28.1854
2021-09-27 22:36:04.000,61.277119,28.18539
2021-09-27 22:46:08.000,61.277126,28.185419
2021-09-27 22:56:09.000,61.277023,28.185555
2021-09-27 23:06:08.000,61.277119,28.185244
2021-09-27 23:16:33.000,61.277164,28.18545
2021-09-27 23:26:04.000,61.277142,28.185446
2021-09-27 23:36:04.000,61.277168,28.185427
2021-09-27 23:46:03.000,61.27718,28.185427
2021-09-27 23:56:33.000,61.277161,28.185452
2021-09-28 00:06:07.000,61.27718,28.185482
2021-09-28 00:16:33.000,61.277161,28.185452
2021-09-28 00:26:05.000,61.277176,28.185377
2021-09-28 00:36:09.000,61.277134,28.185411
2021-09-28 00:46:03.000,61.277157,28.18544
2021-09-28 00:56:04.000,61.277176,28.185469
2021-09-28 01:06:04.000,61.277142,28.185419
2021-09-28 01:16:04.000,61.277142,28.185495
2021-09-28 01:26:03.000,61.277157,28.18545
2021-09-28 01:36:02.000,61.277149,28.185406
2021-09-28 01:46:04.000,61.2771,28.185516
2021-09-28 01:56:06.000,61.277176,28.185455
2021-09-28 02:06:09.000,61.277275,28.185402
2021-09-28 02:16:03.000,61.277267,28.185253
2021-09-28 02:26:04.000,61.277149,28.185486
2021-09-28 02:36:33.000,61.277134,28.185467
2021-09-28 02:46:06.000,61.277184,28.18541
2021-09-28 02:56:04.000,61.277122,28.18544
2021-09-28 03:06:10.000,61.277214,28.185537
2021-09-28 03:16:41.000,61.280113,28.184757
2021-09-28 03:26:06.000,61.280388,28.184469
2021-09-28 03:36:04.000,61.280296,28.184471
2021-09-28 03:46:04.000,61.280273,28.184666
2021-09-28 03:56:04.000,61.282707,28.182337
2021-09-28 04:06:05.000,61.282871,28.182281
2021-09-28 04:16:06.000,61.282825,28.1821
2021-09-28 04:26:08.000,61.282757,28.182356
2021-09-28 04:36:14.000,61.282635,28.182585
2021-09-28 04:46:57.000,61.282703,28.182144
2021-09-28 04:57:03.000,61.282513,28.18255
2021-09-28 05:06:08.000,61.28231,28.183146
2021-09-28 05:17:23.000,61.282196,28.182896
2021-09-28 05:26:04.000,61.282398,28.182846
2021-09-28 05:37:25.000,61.282513,28.182575
2021-09-28 05:46:07.000,61.282925,28.182379
2021-09-28 05:56:05.000,61.281372,28.182808
2021-09-28 06:06:07.000,61.281399,28.182302
2021-09-28 06:16:09.000,61.281662,28.181665
2021-09-28 06:26:06.000,61.281681,28.181385
2021-09-28 06:36:10.000,61.281658,28.181524
2021-09-28 06:47:25.000,61.281769,28.181877
2021-09-28 06:57:03.000,61.281693,28.181871
2021-09-28 07:06:30.000,61.281731,28.182055
2021-09-28 07:16:06.000,61.281818,28.181803
2021-09-28 07:26:07.000,61.281597,28.181398
2021-09-28 07:36:04.000,61.281742,28.181694
2021-09-28 07:46:05.000,61.281826,28.181747
2021-09-28 07:56:04.000,61.281853,28.182007
2021-09-28 08:06:05.000,61.281677,28.181791
2021-09-28 08:16:07.000,61.281635,28.181961
2021-09-28 08:26:04.000,61.281708,28.182245
2021-09-28 08:36:04.000,61.281704,28.182262
2021-09-28 08:46:05.000,61.281906,28.183052
2021-09-28 08:56:07.000,61.281857,28.183083
2021-09-28 09:06:09.000,61.281834,28.182995
2021-09-28 09:16:06.000,61.281872,28.183178
2021-09-28 09:27:25.000,61.281853,28.182936
2021-09-28 09:37:25.000,61.281853,28.18305
2021-09-28 09:46:33.000,61.281872,28.183006
2021-09-28 09:56:02.000,61.28241,28.182907
2021-09-28 10:06:08.000,61.282677,28.182592
2021-09-28 10:16:04.000,61.282867,28.182531
2021-09-28 10:26:05.000,61.282719,28.182556
2021-09-28 10:36:09.000,61.282631,28.182499
2021-09-28 10:46:04.000,61.282627,28.182222
2021-09-28 10:56:05.000,61.282856,28.181784
2021-09-28 11:06:08.000,61.282566,28.181541
2021-09-28 11:16:33.000,61.282295,28.181805
2021-09-28 11:26:05.000,61.280945,28.182381
2021-09-28 11:36:05.000,61.280945,28.181768
2021-09-28 11:46:07.000,61.28117,28.181627
2021-09-28 11:56:08.000,61.281437,28.181454
2021-09-28 12:27:06.000,61.281849,28.181065
2021-09-28 12:36:08.000,61.281841,28.181723
2021-09-28 12:46:06.000,61.279549,28.186857
2021-09-28 13:06:33.000,61.28133,28.183182
2021-09-28 13:16:05.000,61.281353,28.183084
2021-09-28 13:26:03.000,61.281406,28.183096
2021-09-28 13:36:03.000,61.281631,28.183064
2021-09-28 13:46:05.000,61.281567,28.18265
2021-09-28 13:56:04.000,61.281609,28.182358
2021-09-28 14:06:07.000,61.281799,28.18256
2021-09-28 14:16:06.000,61.281933,28.183018
2021-09-28 14:27:25.000,61.28183,28.183062
2021-09-28 14:37:25.000,61.281937,28.182779
2021-09-28 14:46:57.000,61.282333,28.18276
2021-09-28 14:56:13.000,61.282368,28.182446
2021-09-28 15:07:11.000,61.282253,28.18255
2021-09-28 15:16:05.000,61.282211,28.182421
2021-09-28 15:26:14.000,61.282406,28.182491
2021-09-28 15:36:12.000,61.28228,28.182842
2021-09-28 15:46:14.000,61.282501,28.182987
2021-09-28 15:56:33.000,61.282295,28.182753
2021-09-28 16:07:25.000,61.28257,28.182304
2021-09-28 16:16:33.000,61.282333,28.182735
2021-09-28 16:26:03.000,61.282215,28.182838
2021-09-28 16:36:41.000,61.277145,28.185446
2021-09-28 16:46:04.000,61.276421,28.188698
2021-09-28 16:56:05.000,61.278229,28.190807
2021-09-28 17:06:10.000,61.277649,28.193949
2021-09-28 17:16:33.000,61.27692,28.192532
2021-09-28 17:26:04.000,61.276123,28.192005
2021-09-28 17:36:02.000,61.27578,28.18996
2021-09-28 17:46:04.000,61.275738,28.19355
2021-09-28 17:56:04.000,61.276199,28.197088
2021-09-28 18:06:04.000,61.276142,28.198326
2021-09-28 18:16:05.000,61.275719,28.197887
2021-09-28 18:26:04.000,61.275642,28.198208
2021-09-28 18:46:07.000,61.276024,28.198484
2021-09-28 19:06:33.000,61.277252,28.197865
2021-09-28 19:16:03.000,61.277569,28.197521
2021-09-28 19:26:02.000,61.278496,28.19759
2021-09-28 19:36:02.000,61.278358,28.196259
2021-09-28 19:46:03.000,61.277889,28.192604
2021-09-28 19:56:04.000,61.276985,28.188702
2021-09-28 20:16:04.000,61.276943,28.185175
2021-09-28 20:26:03.000,61.276768,28.185463
2021-09-28 20:46:33.000,61.27713,28.185848
2021-09-28 20:56:05.000,61.276955,28.185768
2021-09-28 21:16:07.000,61.276989,28.18535
2021-09-28 21:26:33.000,61.276939,28.185297
2021-09-28 21:46:09.000,61.277073,28.185345
2021-09-28 22:06:37.000,61.276962,28.18527
2021-09-28 22:26:09.000,61.276901,28.185217
2021-09-28 22:46:08.000,61.276863,28.1852
2021-09-28 23:06:33.000,61.276875,28.185328
2021-09-28 23:26:03.000,61.276783,28.185253
2021-09-28 23:46:03.000,61.277054,28.18619
2021-09-29 00:06:05.000,61.27774,28.184544
2021-09-29 00:26:33.000,61.277016,28.184803
2021-09-29 00:46:04.000,61.276878,28.185047
2021-09-29 01:06:05.000,61.277092,28.184929
2021-09-29 01:26:03.000,61.27737,28.184532
2021-09-29 01:46:04.000,61.277233,28.184553
2021-09-29 02:06:33.000,61.276939,28.18408
2021-09-29 02:26:06.000,61.276543,28.183304
2021-09-29 02:46:05.000,61.277184,28.18429
2021-09-29 03:06:37.000,61.279404,28.184389
2021-09-29 03:26:04.000,61.280155,28.184721
2021-09-29 03:46:03.000,61.280998,28.187449
2021-09-29 04:06:14.000,61.281864,28.182873
2021-09-29 04:26:06.000,61.281921,28.182457
2021-09-29 04:47:25.000,61.282475,28.182484
2021-09-29 05:06:33.000,61.282906,28.182398
2021-09-29 05:26:06.000,61.279106,28.174635
2021-09-29 05:46:33.000,61.27895,28.176991
2021-09-29 06:06:31.000,61.279144,28.178213
2021-09-29 06:26:10.000,61.281094,28.181799
2021-09-29 06:46:05.000,61.280682,28.182207
2021-09-29 07:07:03.000,61.28054,28.182673
2021-09-29 07:26:03.000,61.276855,28.185301
2021-09-29 07:46:05.000,61.281433,28.182898
2021-09-29 08:06:07.000,61.28112,28.183668
2021-09-29 08:26:07.000,61.281178,28.183649
2021-09-29 08:46:03.000,61.281219,28.182989
2021-09-29 09:06:09.000,61.281284,28.18302
2021-09-29 10:27:03.000,61.280724,28.182667
2021-09-29 10:46:04.000,61.2808,28.182564
2021-09-29 11:06:06.000,61.278442,28.186176
2021-09-29 11:26:38.000,61.279686,28.184353
2021-09-29 11:47:25.000,61.280907,28.181993
2021-09-29 12:07:25.000,61.281315,28.181522
2021-09-29 12:27:25.000,61.281452,28.181055
2021-09-29 12:46:05.000,61.278343,28.186441
2021-09-29 13:06:14.000,61.280399,28.184126
2021-09-29 13:26:33.000,61.280823,28.181959
2021-09-29 13:46:04.000,61.281143,28.181953
2021-09-29 14:06:07.000,61.2813,28.182058
2021-09-29 14:26:06.000,61.281376,28.181622
2021-09-29 14:46:06.000,61.281456,28.181734
2021-09-29 15:06:08.000,61.278301,28.18825
2021-09-29 15:26:04.000,61.280067,28.183243
2021-09-29 15:46:16.000,61.278656,28.187454
2021-09-29 16:26:33.000,61.276981,28.185268
2021-09-29 16:46:06.000,61.27697,28.185429
2021-09-29 17:06:05.000,61.276981,28.185453
2021-09-29 17:26:05.000,61.275928,28.183863
2021-09-29 17:46:33.000,61.274807,28.189899
2021-09-29 18:27:25.000,61.27113,28.186823
2021-09-29 18:47:25.000,61.270763,28.188377
2021-09-29 19:07:09.000,61.272125,28.189152
2021-09-29 19:26:03.000,61.272655,28.186697
2021-09-29 19:46:04.000,61.27396,28.187199
2021-09-29 20:06:05.000,61.274876,28.188063
2021-09-29 20:26:31.000,61.275524,28.188431
2021-09-29 20:46:04.000,61.275833,28.188812
2021-09-29 21:06:33.000,61.27597,28.187201
2021-09-29 21:26:18.000,61.27636,28.186993
2021-09-29 21:46:33.000,61.276951,28.184967
2021-09-29 22:06:09.000,61.277164,28.185047
2021-09-29 22:26:11.000,61.27692,28.184654
2021-09-29 22:46:33.000,61.276981,28.184763
2021-09-29 23:06:03.000,61.276836,28.185402
2021-09-29 23:26:07.000,61.276962,28.185352
2021-09-29 23:46:07.000,61.276905,28.185431
2021-09-30 00:06:32.000,61.276913,28.185402
2021-09-30 00:26:05.000,61.276878,28.185492
2021-09-30 00:46:01.000,61.276936,28.185421
2021-09-30 01:06:04.000,61.276951,28.185411
2021-09-30 01:26:15.000,61.276852,28.185432
2021-09-30 01:46:09.000,61.276928,28.185455
2021-09-30 02:06:33.000,61.276936,28.185431
2021-09-30 02:26:07.000,61.276905,28.185492
2021-09-30 02:46:11.000,61.27692,28.185421
2021-09-30 03:07:25.000,61.276939,28.185448
2021-09-30 03:26:03.000,61.276939,28.185537
2021-09-30 03:46:04.000,61.275898,28.185589
2021-09-30 04:06:04.000,61.276237,28.187584
2021-09-30 04:26:03.000,61.27589,28.179876
2021-09-30 04:46:04.000,61.279358,28.184669
2021-09-30 05:07:11.000,61.276154,28.182949
2021-09-30 05:26:06.000,61.27766,28.185059
2021-09-30 05:46:13.000,61.225101,28.145594
2021-09-30 06:06:33.000,61.195213,28.122677
2021-09-30 06:26:04.000,61.195446,28.122499
2021-09-30 06:46:33.000,61.195534,28.122345
2021-09-30 07:06:03.000,61.195465,28.122402
2021-09-30 07:26:02.000,61.195518,28.122158
2021-09-30 07:46:02.000,61.195473,28.121922
2021-09-30 08:06:05.000,61.195583,28.12184
2021-09-30 08:26:04.000,61.19569,28.121914
2021-09-30 08:46:33.000,61.194115,28.118616
2021-09-30 09:06:03.000,61.194149,28.122358
2021-09-30 09:26:05.000,61.195412,28.122414
2021-09-30 09:46:04.000,61.195175,28.122774
2021-09-30 10:06:12.000,61.196037,28.120667
2021-09-30 10:26:03.000,61.193855,28.116442
2021-09-30 10:46:05.000,61.199966,28.09337
2021-09-30 11:06:03.000,61.196846,28.108879
2021-09-30 11:27:24.000,61.194473,28.115335
2021-09-30 11:46:11.000,61.191391,28.119425
2021-09-30 13:06:57.000,61.17392,28.098354
2021-09-30 13:26:33.000,61.174164,28.098354
2021-09-30 13:46:03.000,61.174057,28.09824
2021-09-30 14:06:04.000,61.173416,28.099251
2021-09-30 14:26:08.000,61.172848,28.100109
2021-09-30 14:46:04.000,61.172394,28.101208
2021-09-30 15:06:07.000,61.173439,28.105558
2021-09-30 15:26:14.000,61.173687,28.106159
2021-09-30 16:27:03.000,61.167759,28.086754
2021-09-30 16:46:02.000,61.16576,28.089525
2021-09-30 17:06:04.000,61.166264,28.089163
2021-09-30 17:26:05.000,61.166161,28.087437
2021-09-30 17:46:06.000,61.165951,28.088511
2021-09-30 18:06:07.000,61.166477,28.086306
2021-09-30 18:26:08.000,61.166935,28.085768
2021-09-30 18:46:33.000,61.16729,28.085339
2021-09-30 19:06:06.000,61.166275,28.087553
2021-09-30 19:26:04.000,61.165333,28.089645
2021-09-30 19:46:08.000,61.166668,28.086733
2021-09-30 20:06:05.000,61.167629,28.087444
2021-09-30 20:26:06.000,61.168644,28.086529
2021-09-30 20:46:06.000,61.168003,28.085892
2021-09-30 21:07:09.000,61.167545,28.085218
2021-09-30 21:26:05.000,61.167767,28.084803
2021-09-30 21:46:02.000,61.165901,28.088711
2021-09-30 22:06:32.000,61.165207,28.089104
2021-09-30 22:26:05.000,61.167404,28.087423
2021-09-30 22:46:08.000,61.170036,28.085768
2021-09-30 23:06:05.000,61.169815,28.089491
2021-09-30 23:26:03.000,61.169949,28.088959
2021-09-30 23:46:33.000,61.170135,28.088238
2021-10-01 00:06:01.000,61.170467,28.087975
2021-10-01 00:26:01.000,61.170475,28.086721
2021-10-01 00:46:02.000,61.17046,28.086077
2021-10-01 01:06:05.000,61.170322,28.085091
2021-10-01 01:26:04.000,61.170185,28.08877
2021-10-01 01:46:09.000,61.169643,28.090313
2021-10-01 02:06:32.000,61.169899,28.090891
2021-10-01 02:26:33.000,61.170128,28.090229
2021-10-01 02:46:07.000,61.170521,28.089725
2021-10-01 03:06:41.000,61.170788,28.092089
2021-10-01 03:26:33.000,61.170406,28.093636
2021-10-01 03:46:05.000,61.172169,28.099348
2021-10-01 04:06:06.000,61.174026,28.097633
2021-10-01 04:26:05.000,61.173965,28.097868
2021-10-01 04:46:06.000,61.173969,28.098642
2021-10-01 05:06:33.000,61.172123,28.098545
2021-10-01 05:26:05.000,61.172352,28.098438
2021-10-01 05:46:06.000,61.172428,28.098259
2021-10-01 06:27:24.000,61.172512,28.098372
2021-10-01 06:46:05.000,61.172691,28.098272
2021-10-01 07:06:03.000,61.172657,28.098038
2021-10-01 07:26:05.000,61.172699,28.09824
2021-10-01 07:47:24.000,61.172726,28.098289
2021-10-01 08:06:33.000,61.172791,28.098324
2021-10-01 08:26:03.000,61.172741,28.098457
2021-10-01 08:46:03.000,61.172691,28.098003
2021-10-01 09:06:09.000,61.172699,28.098446
2021-10-01 09:26:33.000,61.172836,28.098518
2021-10-01 09:46:01.000,61.172848,28.098484
2021-10-01 10:06:02.000,61.174061,28.096182
2021-10-01 10:26:04.000,61.173203,28.09623
2021-10-01 10:46:03.000,61.173332,28.096075
2021-10-01 11:06:04.000,61.173313,28.0961
2021-10-01 11:26:05.000,61.173325,28.095734
2021-10-01 11:46:06.000,61.173,28.096136
2021-10-01 12:07:07.000,61.173164,28.096931
2021-10-01 12:26:07.000,61.173672,28.097263
2021-10-01 12:46:07.000,61.173531,28.096865
2021-10-01 13:06:05.000,61.173534,28.09693
2021-10-01 13:26:06.000,61.171169,28.105991
2021-10-01 14:46:33.000,61.167313,28.078089
2021-10-01 15:06:03.000,61.167465,28.082502
2021-10-01 15:26:04.000,61.173733,28.10498
2021-10-01 15:46:06.000,61.173489,28.105692
2021-10-01 16:07:24.000,61.172222,28.106531
2021-10-01 16:26:31.000,61.168221,28.086803
2021-10-01 16:46:02.000,61.169426,28.090969
2021-10-01 17:06:01.000,61.168308,28.085432
2021-10-01 17:26:04.000,61.168854,28.082664
2021-10-01 17:46:03.000,61.168911,28.077736
2021-10-01 18:06:02.000,61.168858,28.073084
2021-10-01 18:26:54.000,61.169685,28.071106
2021-10-01 18:47:03.000,61.168648,28.083109
2021-10-01 19:06:33.000,61.16787,28.085056
2021-10-01 19:26:02.000,61.168007,28.087318
2021-10-01 19:46:05.000,61.166401,28.088245
2021-10-01 20:06:03.000,61.165699,28.088587
2021-10-01 20:26:07.000,61.16518,28.088091
2021-10-01 20:46:04.000,61.16539,28.087137
2021-10-01 21:06:41.000,61.165741,28.086824
2021-10-01 21:26:33.000,61.166191,28.086727
2021-10-01 21:46:03.000,61.166351,28.085812
2021-10-01 22:06:05.000,61.167728,28.087486
2021-10-01 22:26:04.000,61.168827,28.089949
2021-10-01 22:46:03.000,61.168907,28.089893
2021-10-01 23:06:05.000,61.1689,28.089952
2021-10-01 23:26:03.000,61.168758,28.089813
2021-10-01 23:46:41.000,61.168671,28.089531
2021-10-02 00:06:03.000,61.168625,28.089243
2021-10-02 00:26:07.000,61.16864,28.088923
2021-10-03 00:26:33.000,61.024883,28.194763
2021-10-03 00:46:02.000,61.025291,28.194183
2021-10-03 01:06:02.000,61.02549,28.194206
2021-10-03 01:26:02.000,61.025463,28.194101
2021-10-03 01:46:04.000,61.025234,28.194298
2021-10-03 02:06:03.000,61.025574,28.194063
2021-10-03 02:26:09.000,61.025635,28.194057
2021-10-03 02:46:31.000,61.025177,28.193789
2021-10-03 03:06:03.000,61.02486,28.194212
2021-10-03 03:26:10.000,61.024982,28.194063
2021-10-03 03:47:23.000,60.985367,28.102852
2021-10-03 04:06:37.000,60.894569,27.77644
2021-10-03 04:26:03.000,60.79528,27.420034
2021-10-03 04:46:04.000,60.670544,27.160858
2021-10-03 05:06:03.000,60.635197,27.061342
2021-10-03 05:26:07.000,60.635555,27.061871
2021-10-03 05:46:33.000,60.635571,27.062284
2021-10-03 06:06:05.000,60.635151,27.062412
2021-10-03 06:27:23.000,60.634899,27.061115
2021-10-03 06:46:39.000,60.634846,27.060741
2021-10-03 07:06:51.000,60.635643,27.062634
2021-10-03 07:26:03.000,60.635426,27.063017
2021-10-03 07:46:04.000,60.635429,27.062687
2021-10-03 07:56:10.000,60.635429,27.062647
2021-10-03 08:16:33.000,60.635334,27.062656
2021-10-03 08:25:59.000,60.635639,27.074097
2021-10-03 08:36:05.000,60.635902,27.07502
2021-10-03 08:46:05.000,60.635342,27.060312
2021-10-03 08:56:05.000,60.635231,27.06184
2021-10-03 09:06:03.000,60.635197,27.061684
2021-10-03 09:16:07.000,60.634972,27.059319
2021-10-03 09:26:11.000,60.635017,27.059565
2021-10-03 09:36:01.000,60.635101,27.078278
2021-10-03 09:46:02.000,60.635208,27.056484
2021-10-03 09:56:01.000,60.634853,27.059999
2021-10-03 10:06:04.000,60.635426,27.06251
2021-10-03 10:16:04.000,60.635368,27.062433
2021-10-03 10:26:02.000,60.635353,27.062506
2021-10-03 10:36:14.000,60.635384,27.062168
2021-10-03 10:46:26.000,60.635155,27.062325
2021-10-03 10:56:35.000,60.635124,27.062325
2021-10-03 11:06:00.000,60.635731,27.07464
2021-10-03 11:16:01.000,60.635616,27.073406
2021-10-03 11:26:03.000,60.635536,27.06045
2021-10-03 11:36:33.000,60.635456,27.06049
2021-10-03 11:46:04.000,60.635723,27.062513
2021-10-03 11:56:04.000,60.635639,27.06286
2021-10-03 12:07:23.000,60.635654,27.06328
2021-10-03 12:17:03.000,60.635548,27.062653
2021-10-03 12:26:05.000,60.635376,27.062092
2021-10-03 12:36:09.000,60.635281,27.061649
2021-10-03 12:46:02.000,60.635464,27.060398
2021-10-03 12:56:03.000,60.635479,27.060453
2021-10-03 13:06:03.000,60.635494,27.060513
2021-10-03 13:16:03.000,60.635071,27.06151
2021-10-03 13:26:03.000,60.635365,27.061752
2021-10-03 13:36:05.000,60.635426,27.061897
2021-10-03 13:46:03.000,60.635521,27.061922
2021-10-03 13:56:05.000,60.635284,27.06144
2021-10-03 14:06:10.000,60.63525,27.061329
2021-10-03 14:16:08.000,60.635067,27.061176
2021-10-03 14:26:08.000,60.635017,27.060856
2021-10-03 14:36:10.000,60.634903,27.060444
2021-10-03 14:46:33.000,60.635338,27.074928
2021-10-03 14:56:04.000,60.634907,27.075584
2021-10-03 15:06:03.000,60.637241,27.061539
2021-10-03 15:16:06.000,60.637539,27.064295
2021-10-03 15:26:09.000,60.638115,27.063276
2021-10-03 15:37:23.000,60.635811,27.060474
2021-10-03 15:47:03.000,60.634598,27.056997
2021-10-03 15:56:03.000,60.634518,27.056982
2021-10-03 16:06:03.000,60.634624,27.057051
2021-10-03 16:16:28.000,60.634972,27.079016
2021-10-03 16:26:02.000,60.633511,27.07847
2021-10-03 16:36:03.000,60.633488,27.080273
2021-10-03 16:46:57.000,60.63475,27.079483
2021-10-03 16:56:02.000,60.636581,27.081886
2021-10-03 17:06:01.000,60.63623,27.083469
2021-10-03 17:16:01.000,60.635876,27.083033
2021-10-03 17:26:02.000,60.635483,27.078568
2021-10-03 17:36:01.000,60.634308,27.077629
2021-10-03 17:46:04.000,60.634602,27.078091
2021-10-03 17:56:06.000,60.634525,27.080896
2021-10-03 18:06:35.000,60.633133,27.081295
2021-10-03 18:16:03.000,60.631943,27.082254
2021-10-03 18:26:00.000,60.631855,27.083544
2021-10-03 18:35:59.000,60.632549,27.084839
2021-10-03 18:46:02.000,60.632023,27.081545
2021-10-03 18:56:02.000,60.633541,27.082336
2021-10-03 19:06:04.000,60.634739,27.082811
2021-10-03 19:16:01.000,60.636406,27.081831
2021-10-03 19:26:01.000,60.63652,27.084108
2021-10-03 19:36:18.000,60.636295,27.084785
2021-10-03 19:46:30.000,60.63652,27.083635
2021-10-03 19:56:01.000,60.636608,27.083433
2021-10-03 20:05:59.000,60.636703,27.083302
2021-10-03 20:16:02.000,60.636631,27.083439
2021-10-03 20:26:02.000,60.63657,27.083424
2021-10-03 20:36:00.000,60.636208,27.081978
2021-10-03 20:46:01.000,60.635635,27.079609
2021-10-03 20:56:05.000,60.635273,27.079208
2021-10-03 21:06:11.000,60.635162,27.077356
2021-10-03 21:17:23.000,60.635883,27.078476
2021-10-03 21:26:04.000,60.636272,27.080595
2021-10-03 21:36:01.000,60.636517,27.083946
2021-10-03 21:46:01.000,60.636337,27.0839
2021-10-03 21:56:01.000,60.636528,27.082897
2021-10-03 22:06:03.000,60.636566,27.083509
2021-10-03 22:16:02.000,60.636024,27.084648
2021-10-03 22:26:27.000,60.636326,27.083572
2021-10-03 22:36:33.000,60.636074,27.083687
2021-10-03 22:45:59.000,60.636131,27.084053
2021-10-03 22:56:00.000,60.635471,27.082968
2021-10-03 23:06:00.000,60.635201,27.081013
2021-10-03 23:16:04.000,60.635849,27.083416
2021-10-03 23:26:02.000,60.63652,27.082376
2021-10-03 23:36:02.000,60.636414,27.083811
2021-10-03 23:46:01.000,60.635921,27.084236
2021-10-03 23:56:04.000,60.636143,27.083895
2021-10-04 00:06:41.000,60.636612,27.082176
2021-10-04 00:16:13.000,60.63607,27.084499
2021-10-04 00:26:04.000,60.6362,27.083435
2021-10-04 00:36:01.000,60.63649,27.083202
2021-10-04 00:46:00.000,60.636215,27.08222
2021-10-04 00:56:02.000,60.636238,27.081779
2021-10-04 01:06:07.000,60.635811,27.079786
2021-10-04 01:16:06.000,60.634079,27.07913
2021-10-04 01:26:10.000,60.633724,27.078068
2021-10-04 01:36:35.000,60.633778,27.075771
2021-10-04 01:46:06.000,60.634407,27.07535
2021-10-04 01:56:01.000,60.635864,27.072912
2021-10-04 02:06:05.000,60.63583,27.073017
2021-10-04 02:16:03.000,60.635361,27.073271
2021-10-04 02:26:10.000,60.635132,27.073557
2021-10-04 02:36:01.000,60.635361,27.073191
2021-10-04 02:46:33.000,60.6353,27.073631
2021-10-04 02:56:01.000,60.635887,27.073122
2021-10-04 03:06:00.000,60.634953,27.07218
2021-10-04 03:16:05.000,60.635757,27.081701
2021-10-04 03:26:03.000,60.636486,27.08334
2021-10-04 03:36:00.000,60.63583,27.075632
2021-10-04 03:46:02.000,60.635334,27.074505
2021-10-04 03:56:03.000,60.634125,27.075968
2021-10-04 04:06:33.000,60.639317,27.059368
2021-10-04 04:16:04.000,60.63932,27.059732
2021-10-04 04:26:02.000,60.634689,27.057064
2021-10-04 04:36:05.000,60.63493,27.056683
2021-10-04 04:46:06.000,60.643723,27.056646
2021-10-04 04:56:05.000,60.643612,27.05624
2021-10-04 05:06:03.000,60.643681,27.056028
2021-10-04 05:27:23.000,60.644375,27.056601
2021-10-04 05:36:33.000,60.644215,27.056093
2021-10-04 05:46:02.000,60.63501,27.056253
2021-10-04 05:56:05.000,60.635044,27.056129
2021-10-04 06:06:35.000,60.635002,27.056273
2021-10-04 06:16:08.000,60.637802,27.06517
2021-10-04 06:26:03.000,60.6353,27.078268
2021-10-04 06:37:11.000,60.63847,27.058334
2021-10-04 06:47:23.000,60.63525,27.056179
2021-10-04 06:57:23.000,60.63549,27.056389
2021-10-04 07:06:07.000,60.635475,27.056368
2021-10-04 07:16:02.000,60.640671,27.060886
2021-10-04 07:26:04.000,60.637768,27.061005
2021-10-04 07:36:03.000,60.639782,27.057981
2021-10-04 07:46:02.000,60.639755,27.057987
2021-10-04 07:56:33.000,60.635067,27.058193
2021-10-04 08:06:01.000,60.641003,27.057131
2021-10-04 08:16:02.000,60.635017,27.058304
2021-10-04 08:26:07.000,60.635159,27.057871
2021-10-04 08:36:06.000,60.636391,27.079132
2021-10-04 08:46:01.000,60.634861,27.059917
2021-10-04 08:56:03.000,60.641441,27.056519
2021-10-04 09:07:23.000,60.641407,27.056578
2021-10-04 09:16:33.000,60.641266,27.056936
2021-10-04 09:26:06.000,60.641319,27.056877
2021-10-04 09:36:03.000,60.638721,27.059065
2021-10-04 09:46:03.000,60.640934,27.060261
2021-10-04 09:56:02.000,60.634811,27.057388
2021-10-04 10:07:23.000,60.642754,27.060434
2021-10-04 10:16:33.000,60.640701,27.060619
2021-10-04 10:26:03.000,60.64225,27.061424
2021-10-04 10:36:04.000,60.642342,27.063971
2021-10-04 10:46:02.000,60.642181,27.063766
2021-10-04 10:56:02.000,60.63509,27.056522
2021-10-04 11:06:33.000,60.634907,27.056953
2021-10-04 11:16:05.000,60.634995,27.057167
2021-10-04 11:26:02.000,60.634922,27.057226
2021-10-04 11:36:05.000,60.642597,27.071859
2021-10-04 11:46:05.000,60.635002,27.075697
2021-10-04 11:56:03.000,60.63887,27.060684
2021-10-04 12:07:23.000,60.641167,27.056675
2021-10-04 12:17:11.000,60.641098,27.056679
2021-10-04 12:26:02.000,60.641121,27.056803
2021-10-04 12:36:21.000,60.635284,27.057133
2021-10-04 12:46:06.000,60.635311,27.05621
2021-10-04 12:56:04.000,60.63533,27.056334
2021-10-04 13:06:02.000,60.635281,27.056337
2021-10-04 13:16:03.000,60.635204,27.056356
2021-10-04 13:26:06.000,60.635197,27.056458
2021-10-04 13:46:57.000,60.635029,27.056583
2021-10-04 13:56:07.000,60.63504,27.056665
2021-10-04 14:06:08.000,60.635014,27.056757
2021-10-04 14:16:03.000,60.635059,27.057127
2021-10-04 14:26:07.000,60.635254,27.075439
2021-10-04 14:36:11.000,60.634888,27.076296
2021-10-04 14:47:09.000,60.635006,27.056601
2021-10-04 14:56:15.000,60.635185,27.056412
2021-10-04 15:06:09.000,60.635284,27.056652
2021-10-04 15:16:10.000,60.635632,27.056736
2021-10-04 15:26:57.000,60.635086,27.057852
2021-10-04 15:36:07.000,60.635036,27.057981
2021-10-04 15:46:07.000,60.635086,27.057287
2021-10-04 15:57:22.000,60.635464,27.056429
2021-10-04 16:07:04.000,60.635098,27.056412
2021-10-04 16:16:02.000,60.63517,27.076582
2021-10-04 16:26:02.000,60.635822,27.075909
2021-10-04 16:36:03.000,60.63599,27.076908
2021-10-04 16:46:03.000,60.636242,27.08145
2021-10-04 16:56:01.000,60.635696,27.083618
2021-10-04 17:06:01.000,60.634678,27.082685
2021-10-04 17:16:03.000,60.63446,27.079269
2021-10-04 17:26:03.000,60.634064,27.079512
2021-10-04 17:36:29.000,60.634491,27.079201
2021-10-04 17:46:01.000,60.634212,27.078993
2021-10-04 17:56:00.000,60.634254,27.078018
2021-10-04 18:06:33.000,60.633804,27.077961
2021-10-04 18:16:02.000,60.63398,27.077709
2021-10-04 18:26:16.000,60.633987,27.078457
2021-10-04 18:36:01.000,60.634052,27.080084
2021-10-04 18:46:07.000,60.633865,27.081659
2021-10-04 18:56:01.000,60.633575,27.080772
2021-10-04 19:06:01.000,60.633564,27.081194
2021-10-04 19:16:03.000,60.633465,27.081709
2021-10-04 19:26:06.000,60.632896,27.082348
2021-10-04 19:36:41.000,60.63266,27.082136
2021-10-04 19:46:06.000,60.632122,27.082457
2021-10-04 19:56:01.000,60.63216,27.080694
2021-10-04 20:06:01.000,60.632298,27.080235
2021-10-04 20:16:00.000,60.632984,27.079302
2021-10-04 20:26:01.000,60.632942,27.078218
2021-10-04 20:36:04.000,60.633286,27.077209
2021-10-04 20:46:10.000,60.633465,27.077036
2021-10-04 20:57:21.000,60.63356,27.078276
2021-10-04 21:06:57.000,60.633854,27.079067
2021-10-04 21:16:03.000,60.633923,27.077742
2021-10-04 21:25:59.000,60.633808,27.07622
2021-10-04 21:36:00.000,60.633236,27.076166
2021-10-04 21:46:01.000,60.632759,27.077778
2021-10-04 21:55:59.000,60.633427,27.078596
2021-10-04 22:06:02.000,60.634266,27.079689
2021-10-04 22:16:02.000,60.634682,27.077929
2021-10-04 22:26:01.000,60.634846,27.075483
2021-10-04 22:36:02.000,60.635269,27.074701
2021-10-04 22:46:12.000,60.634903,27.075846
2021-10-04 22:56:03.000,60.634056,27.077328
2021-10-04 23:06:12.000,60.634319,27.077993
2021-10-04 23:16:06.000,60.634338,27.077055
2021-10-04 23:26:03.000,60.633522,27.079283
2021-10-04 23:36:33.000,60.633087,27.080502
2021-10-04 23:45:59.000,60.633362,27.079197
2021-10-04 23:56:00.000,60.634342,27.079161
2021-10-05 00:06:00.000,60.634338,27.079109
2021-10-05 00:16:01.000,60.634087,27.079533
2021-10-05 00:26:01.000,60.63406,27.080431
2021-10-05 00:36:02.000,60.634743,27.080414
2021-10-05 00:45:59.000,60.636047,27.082375
2021-10-05 00:56:12.000,60.635609,27.081381
2021-10-05 01:06:02.000,60.63456,27.075888
2021-10-05 01:16:03.000,60.633965,27.07497
2021-10-05 01:26:00.000,60.632904,27.080759
2021-10-05 01:36:00.000,60.631886,27.080919
2021-10-05 01:46:02.000,60.631725,27.081778
2021-10-05 01:56:04.000,60.631489,27.080069
2021-10-05 02:26:33.000,60.63401,27.086885
2021-10-05 02:36:02.000,60.634003,27.087303
2021-10-05 02:46:03.000,60.63343,27.086105
2021-10-05 02:55:59.000,60.634235,27.087559
2021-10-05 03:06:00.000,60.632721,27.082766
2021-10-05 03:15:58.000,60.632362,27.083141
2021-10-05 03:26:01.000,60.632553,27.08293
2021-10-05 03:36:01.000,60.633049,27.082968
2021-10-05 03:46:01.000,60.634209,27.08004
2021-10-05 03:56:05.000,60.633007,27.079819
2021-10-05 04:06:00.000,60.635693,27.076929
2021-10-05 04:17:22.000,60.634811,27.056787
2021-10-05 04:26:51.000,60.634857,27.056757
2021-10-05 04:36:02.000,60.634853,27.056845
2021-10-05 04:46:02.000,60.634777,27.056982
2021-10-05 04:56:03.000,60.634563,27.060942
2021-10-05 05:06:10.000,60.634636,27.061277
2021-10-05 05:36:27.000,60.635456,27.062607
2021-10-05 05:46:06.000,60.632423,27.058586
2021-10-05 05:56:02.000,60.634647,27.056768
2021-10-05 06:27:22.000,60.632095,27.062807
2021-10-05 06:36:57.000,60.632107,27.062847
2021-10-05 06:46:04.000,60.63567,27.060421
2021-10-05 06:56:05.000,60.635471,27.060511
2021-10-05 07:06:04.000,60.6353,27.062668
2021-10-05 07:16:10.000,60.634556,27.071573
2021-10-05 07:26:05.000,60.64341,27.066761
2021-10-05 07:36:27.000,60.643211,27.066839
2021-10-05 07:46:06.000,60.643276,27.071142
2021-10-05 07:56:01.000,60.640305,27.056011
2021-10-05 08:06:00.000,60.640121,27.05616
2021-10-05 08:16:02.000,60.640064,27.056179
2021-10-05 08:26:02.000,60.640034,27.056345
2021-10-05 08:36:03.000,60.634674,27.079548
2021-10-05 08:47:22.000,60.638046,27.051193
2021-10-05 08:56:51.000,60.63792,27.051378
2021-10-05 09:07:22.000,60.638588,27.052002
2021-10-05 09:17:22.000,60.638615,27.052208
2021-10-05 09:27:22.000,60.6385,27.05286
2021-10-05 09:37:11.000,60.638676,27.053244
2021-10-05 09:46:01.000,60.634914,27.079887
2021-10-05 09:56:03.000,60.634922,27.080158
2021-10-05 10:06:33.000,60.646885,27.074686
2021-10-05 10:16:04.000,60.635635,27.080738
2021-10-05 10:26:00.000,60.635242,27.080511
2021-10-05 10:36:00.000,60.634659,27.080212
2021-10-05 10:46:03.000,60.639812,27.052393
2021-10-05 10:56:04.000,60.64175,27.057062
2021-10-05 11:06:03.000,60.641651,27.057192
2021-10-05 11:16:03.000,60.641647,27.057388
2021-10-05 11:26:06.000,60.641563,27.057489
2021-10-05 11:36:32.000,60.641476,27.05744
2021-10-05 11:47:22.000,60.641239,27.057732
2021-10-05 11:57:22.000,60.632179,27.048277
2021-10-05 12:07:03.000,60.638882,27.053244
2021-10-05 12:16:04.000,60.638447,27.051302
2021-10-05 12:26:06.000,60.632248,27.049702
2021-10-05 12:36:02.000,60.6325,27.048908
2021-10-05 12:46:01.000,60.645058,27.049925
2021-10-05 12:56:04.000,60.645302,27.050125
2021-10-05 13:06:02.000,60.645298,27.049997
2021-10-05 13:16:11.000,60.644913,27.050013
2021-10-05 13:26:18.000,60.6451,27.049435
2021-10-05 13:36:04.000,60.645081,27.049364
2021-10-05 14:06:39.000,60.671371,27.048239
2021-10-05 14:16:02.000,60.671589,27.048985
2021-10-05 14:26:18.000,60.67178,27.04945
2021-10-05 14:37:07.000,60.671898,27.048775
2021-10-05 14:46:01.000,60.671963,27.048613
2021-10-05 14:56:05.000,60.67215,27.045212
2021-10-05 15:06:08.000,60.67263,27.044418
2021-10-05 15:17:03.000,60.672474,27.045635
2021-10-05 15:26:05.000,60.671978,27.045717
2021-10-05 15:36:03.000,60.671761,27.045334
2021-10-05 15:46:01.000,60.671661,27.045095
2021-10-05 15:56:46.000,60.656132,27.067112
2021-10-05 16:06:13.000,60.634663,27.080015
2021-10-05 16:16:09.000,60.634422,27.080542
2021-10-05 16:26:03.000,60.634548,27.082558
2021-10-05 16:36:01.000,60.634239,27.085012
2021-10-05 16:46:01.000,60.633347,27.0847
2021-10-05 16:56:04.000,60.632584,27.082825
2021-10-05 17:06:02.000,60.630966,27.082338
2021-10-05 17:16:29.000,60.6306,27.08193
2021-10-05 17:26:04.000,60.630451,27.083847
2021-10-05 17:37:22.000,60.630352,27.083105
2021-10-05 17:46:41.000,60.630775,27.082544
2021-10-05 17:56:08.000,60.630909,27.08284
2021-10-05 18:06:11.000,60.631493,27.082758
2021-10-05 18:16:04.000,60.631435,27.082075
2021-10-05 18:26:00.000,60.630825,27.08283
2021-10-05 18:36:01.000,60.630501,27.083155
2021-10-05 18:46:00.000,60.630283,27.083487
2021-10-05 18:56:03.000,60.63076,27.083023
2021-10-05 19:06:04.000,60.631325,27.083183
2021-10-05 19:16:01.000,60.630844,27.082327
2021-10-05 19:26:11.000,60.631138,27.083229
2021-10-05 19:36:09.000,60.630852,27.082867
2021-10-05 19:46:07.000,60.630997,27.082235
2021-10-05 19:56:11.000,60.631104,27.081818
2021-10-05 20:06:33.000,60.632008,27.085039
2021-10-05 20:16:04.000,60.632561,27.085594
2021-10-05 20:25:59.000,60.63203,27.08717
2021-10-05 20:35:59.000,60.631916,27.087906
2021-10-05 20:46:01.000,60.633148,27.086365
2021-10-05 20:56:03.000,60.633457,27.086494
2021-10-05 21:06:00.000,60.633522,27.087812
2021-10-05 21:16:01.000,60.633419,27.087385
2021-10-05 21:26:02.000,60.632851,27.087132
2021-10-05 21:36:06.000,60.632904,27.087055
2021-10-05 21:46:01.000,60.633221,27.08683
2021-10-05 21:56:07.000,60.63266,27.085945
2021-10-05 22:06:00.000,60.632793,27.087688
2021-10-05 22:16:02.000,60.634216,27.084728
2021-10-05 22:26:00.000,60.63538,27.084047
2021-10-05 22:36:02.000,60.635521,27.082561
2021-10-05 22:46:03.000,60.63459,27.078957
2021-10-05 22:56:04.000,60.633762,27.078976
2021-10-05 23:06:04.000,60.633114,27.082115
2021-10-05 23:16:33.000,60.632919,27.083124
2021-10-05 23:26:02.000,60.634327,27.082384
2021-10-05 23:36:03.000,60.634769,27.083399
2021-10-05 23:47:22.000,60.634384,27.083645
2021-10-05 23:56:01.000,60.633385,27.082514
2021-10-06 00:06:00.000,60.633522,27.083111
2021-10-06 00:16:01.000,60.633694,27.084007
2021-10-06 00:26:01.000,60.632931,27.083578
2021-10-06 00:36:01.000,60.632408,27.08308
2021-10-06 00:46:01.000,60.632732,27.084244
2021-10-06 00:56:01.000,60.632515,27.082531
2021-10-06 01:06:01.000,60.630939,27.082289
2021-10-06 01:16:03.000,60.631222,27.083181
2021-10-06 01:26:04.000,60.632309,27.083014
2021-10-06 01:36:30.000,60.632374,27.081682
2021-10-06 01:46:01.000,60.633148,27.083353
2021-10-06 01:56:00.000,60.632393,27.084358
2021-10-06 02:06:05.000,60.633205,27.085411
2021-10-06 02:16:01.000,60.634151,27.082386
2021-10-06 02:26:05.000,60.634377,27.079489
2021-10-06 02:37:22.000,60.635036,27.077854
2021-10-06 02:47:22.000,60.635616,27.077866
2021-10-06 02:57:03.000,60.635517,27.076115
2021-10-06 03:06:05.000,60.635567,27.075441
2021-10-06 03:16:07.000,60.635109,27.074659
2021-10-06 03:26:06.000,60.634995,27.074694
2021-10-06 03:36:03.000,60.634796,27.07419
2021-10-06 03:46:00.000,60.635143,27.076035
2021-10-06 03:56:01.000,60.63599,27.077213
2021-10-06 04:06:02.000,60.63604,27.076389
2021-10-06 04:16:16.000,60.628315,27.036257
2021-10-06 04:26:03.000,60.57954,26.966425
2021-10-06 04:36:27.000,60.602749,26.967402
2021-10-06 04:46:02.000,60.650356,27.057205
2021-10-06 04:56:01.000,60.649475,27.055443
2021-10-06 05:17:49.000,60.653896,27.028254
2021-10-06 05:36:39.000,60.653873,27.029194
2021-10-06 05:55:59.000,60.654099,27.025881
2021-10-06 06:17:11.000,60.654343,27.025486
2021-10-06 06:26:01.000,60.654373,27.025425
2021-10-06 06:46:33.000,60.654076,27.028505
2021-10-06 07:06:01.000,60.655743,27.030046
2021-10-06 07:26:00.000,60.656151,27.029661
2021-10-06 07:36:02.000,60.65675,27.032524
2021-10-06 07:46:03.000,60.654133,27.025911
2021-10-06 07:56:03.000,60.641483,27.056589
2021-10-06 08:06:33.000,60.641422,27.056639
2021-10-06 08:16:00.000,60.641426,27.056622
2021-10-06 08:25:59.000,60.641407,27.056698
2021-10-06 08:35:58.000,60.641449,27.056648
2021-10-06 08:46:00.000,60.641762,27.060442
2021-10-06 08:56:04.000,60.682087,27.032183
2021-10-06 09:06:05.000,60.681652,27.033253
2021-10-06 09:16:01.000,60.68177,27.033342
2021-10-06 09:26:01.000,60.681797,27.033268
2021-10-06 09:36:04.000,60.68177,27.033363
2021-10-06 09:46:10.000,60.663883,27.045067
2021-10-06 09:56:00.000,60.641972,27.057013
2021-10-06 10:06:00.000,60.642002,27.057091
2021-10-06 10:15:58.000,60.641987,27.057117
2021-10-06 10:26:00.000,60.648777,27.055056
2021-10-06 10:36:03.000,60.649467,27.057089
2021-10-06 10:46:33.000,60.645142,27.05916
2021-10-06 10:56:01.000,60.639778,27.064852
2021-10-06 11:06:00.000,60.634712,27.080702
2021-10-06 11:16:01.000,60.635227,27.081717
2021-10-06 11:26:03.000,60.635651,27.080568
2021-10-06 11:36:01.000,60.642982,27.064379
2021-10-06 11:46:01.000,60.642963,27.064331
2021-10-06 11:56:04.000,60.644424,27.067173
2021-10-06 12:06:08.000,60.649593,27.055925
2021-10-06 12:17:22.000,60.6497,27.058792
2021-10-06 12:26:29.000,60.649632,27.058638
2021-10-06 12:36:04.000,60.64217,27.0658
2021-10-06 12:46:02.000,60.642174,27.065769
2021-10-06 12:56:02.000,60.642254,27.065748
2021-10-06 13:06:09.000,60.645058,27.058363
2021-10-06 13:16:03.000,60.682228,27.030447
2021-10-06 13:26:13.000,60.67025,27.048441
2021-10-06 13:36:57.000,60.669189,27.048065
2021-10-06 13:45:59.000,60.669193,27.047941
2021-10-06 13:56:00.000,60.669178,27.04805
2021-10-06 14:06:02.000,60.66914,27.047997
2021-10-06 14:16:01.000,60.669136,27.047937
2021-10-06 14:26:00.000,60.669113,27.047722
2021-10-06 14:36:17.000,60.668907,27.047667
2021-10-06 14:46:39.000,60.668785,27.047747
2021-10-06 14:56:05.000,60.670307,27.053669
2021-10-06 15:06:12.000,60.680271,27.033707
2021-10-06 15:26:55.000,60.679638,27.034698
2021-10-06 15:36:44.000,60.679382,27.040236
2021-10-06 15:47:09.000,60.680428,27.035179
2021-10-06 15:56:13.000,60.680527,27.035597
2021-10-06 16:06:05.000,60.680519,27.035528
2021-10-06 16:16:06.000,60.67004,27.05072
2021-10-06 16:26:07.000,60.645561,27.070528
2021-10-06 16:36:02.000,60.634865,27.079298
2021-10-06 16:46:00.000,60.634136,27.079485
2021-10-06 16:56:15.000,60.634758,27.079529
2021-10-06 17:06:11.000,60.635315,27.07859
2021-10-06 17:15:59.000,60.635399,27.077549
2021-10-06 17:26:01.000,60.634659,27.078709
2021-10-06 17:36:02.000,60.634544,27.078833
2021-10-06 17:45:59.000,60.634228,27.079901
2021-10-06 17:56:04.000,60.633701,27.081175
2021-10-06 18:06:11.000,60.633846,27.079771
2021-10-06 18:16:27.000,60.63446,27.079498
2021-10-06 18:25:59.000,60.634609,27.078476
2021-10-06 18:36:11.000,60.634365,27.077906
2021-10-06 18:45:59.000,60.634071,27.079111
2021-10-06 18:56:00.000,60.633984,27.0797
2021-10-06 19:06:00.000,60.634571,27.079584
2021-10-06 19:16:02.000,60.635002,27.078611
2021-10-06 19:26:01.000,60.634991,27.078394
2021-10-06 19:46:33.000,60.634655,27.080441
2021-10-06 19:56:04.000,60.634663,27.081268
2021-10-06 20:05:58.000,60.634544,27.082655
2021-10-06 20:16:01.000,60.63488,27.083355
2021-10-06 20:26:01.000,60.635166,27.082588
2021-10-06 20:35:59.000,60.635681,27.081842
2021-10-06 20:45:58.000,60.635944,27.080517
2021-10-06 20:56:11.000,60.635101,27.078697
2021-10-06 21:06:11.000,60.635578,27.076769
2021-10-06 21:15:59.000,60.635693,27.074549
2021-10-06 21:26:00.000,60.635563,27.073931
2021-10-06 21:36:07.000,60.635441,27.076746
2021-10-06 21:46:00.000,60.635281,27.07696
2021-10-06 21:56:02.000,60.63567,27.077093
2021-10-06 22:07:03.000,60.636009,27.076992
2021-10-06 22:16:33.000,60.63633,27.076475
2021-10-06 22:26:03.000,60.636314,27.076048
2021-10-06 22:36:03.000,60.636536,27.07596
2021-10-06 22:46:01.000,60.636528,27.076124
2021-10-06 22:56:03.000,60.636597,27.076399
2021-10-06 23:06:02.000,60.636662,27.076517
2021-10-06 23:16:05.000,60.636707,27.077097
2021-10-06 23:26:27.000,60.636692,27.077503
2021-10-06 23:37:21.000,60.635891,27.074949
2021-10-06 23:46:27.000,60.63588,27.074104
2021-10-06 23:56:01.000,60.635548,27.0735
2021-10-07 00:06:00.000,60.635975,27.073404
2021-10-07 00:26:00.000,60.635822,27.07583
2021-10-07 00:36:00.000,60.635876,27.074776
2021-10-07 00:46:02.000,60.635944,27.073463
2021-10-07 00:56:00.000,60.635555,27.072287
2021-10-07 01:06:03.000,60.63612,27.076532
2021-10-07 01:16:01.000,60.635757,27.075666
2021-10-07 01:26:12.000,60.636162,27.074827
2021-10-07 01:36:08.000,60.636127,27.074841
2021-10-07 01:46:06.000,60.63562,27.073351
2021-10-07 01:56:11.000,60.635624,27.073105
2021-10-07 02:07:21.000,60.635719,27.074421
2021-10-07 02:16:02.000,60.635792,27.073658
2021-10-07 02:26:00.000,60.636028,27.073566
2021-10-07 02:36:00.000,60.635948,27.073572
2021-10-07 02:46:03.000,60.636024,27.074116
2021-10-07 02:55:59.000,60.635902,27.073154
2021-10-07 03:06:01.000,60.636131,27.072792
2021-10-07 03:26:03.000,60.635769,27.072388
2021-10-07 03:36:02.000,60.636192,27.072407
2021-10-07 03:46:00.000,60.635979,27.072813
2021-10-07 03:56:02.000,60.636189,27.072163
2021-10-07 04:06:04.000,60.635803,27.072905
2021-10-07 04:16:41.000,60.635483,27.076662
2021-10-07 04:26:04.000,60.634998,27.079006
2021-10-07 04:36:03.000,60.635624,27.078123
2021-10-07 04:46:00.000,60.635323,27.077394
2021-10-07 04:56:09.000,60.653309,27.065315
2021-10-07 05:06:07.000,60.679409,27.036285
2021-10-07 05:26:02.000,60.679523,27.036459
2021-10-07 06:16:35.000,60.63493,27.078377
2021-10-07 06:36:00.000,60.634331,27.079969
2021-10-07 06:56:00.000,60.633938,27.082012
2021-10-07 07:16:03.000,60.633717,27.080622
2021-10-07 07:26:05.000,60.634201,27.078512
2021-10-07 07:37:03.000,60.675903,27.044298
2021-10-07 07:46:02.000,60.692085,27.011826
2021-10-07 07:56:02.000,60.691326,27.012848
2021-10-07 08:06:00.000,60.691261,27.012747
2021-10-07 08:16:00.000,60.691578,27.012466
2021-10-07 08:26:03.000,60.691959,27.012774
2021-10-07 08:36:11.000,60.692432,27.012981
2021-10-07 08:46:52.000,60.68045,27.033785
2021-10-07 09:27:21.000,60.689186,27.007641
2021-10-07 09:36:33.000,60.689262,27.007433
2021-10-07 09:46:02.000,60.689159,27.007286
2021-10-07 09:56:06.000,60.689713,27.007025
2021-10-07 10:06:08.000,60.688847,27.005589
2021-10-07 10:16:18.000,60.688824,27.004564
2021-10-07 10:26:06.000,60.690495,27.006008
2021-10-07 10:47:21.000,60.691399,27.017977
2021-10-07 10:56:27.000,60.689751,27.012554
2021-10-07 11:06:03.000,60.698021,27.006956
2021-10-07 11:16:08.000,60.679832,27.036325
2021-10-07 11:26:01.000,60.688263,27.023344
2021-10-07 11:36:02.000,60.688282,27.014967
2021-10-07 11:47:21.000,60.686966,27.019646
2021-10-07 11:57:21.000,60.680767,27.040749
2021-10-07 12:06:14.000,60.669918,27.047829
2021-10-07 12:16:04.000,60.670395,27.047655
2021-10-07 12:26:05.000,60.670418,27.047794
2021-10-07 12:36:02.000,60.679092,27.038227
2021-10-07 12:46:06.000,60.671848,27.049484
2021-10-07 12:56:08.000,60.671829,27.049053
2021-10-07 13:06:06.000,60.67186,27.048927
2021-10-07 13:16:51.000,60.671791,27.048773
2021-10-07 13:26:02.000,60.671677,27.048338
2021-10-07 13:36:03.000,60.681717,27.03334
2021-10-07 13:46:02.000,60.683861,27.034872
2021-10-07 13:56:33.000,60.679214,27.041428
2021-10-07 14:06:03.000,60.673542,27.051353
2021-10-07 14:16:02.000,60.673027,27.05481
2021-10-07 14:26:05.000,60.680977,27.034607
2021-10-07 14:37:21.000,60.680275,27.03606
2021-10-07 14:47:21.000,60.671631,27.047834
2021-10-07 14:56:57.000,60.634594,27.081018
2021-10-07 15:06:00.000,60.634968,27.081337
2021-10-07 15:17:03.000,60.635689,27.081114
2021-10-07 15:26:00.000,60.635731,27.081188
2021-10-07 15:35:58.000,60.635422,27.08099
2021-10-07 15:45:57.000,60.635674,27.079943
2021-10-07 15:56:02.000,60.635071,27.079691
2021-10-07 16:06:00.000,60.634888,27.079149
2021-10-07 16:16:01.000,60.634872,27.077587
2021-10-07 16:26:02.000,60.635197,27.077406
2021-10-07 16:36:33.000,60.635532,27.079952
2021-10-07 16:46:02.000,60.635578,27.079266
2021-10-07 16:56:00.000,60.635235,27.078623
2021-10-07 17:05:58.000,60.635242,27.078068
2021-10-07 17:15:59.000,60.63517,27.077726
2021-10-07 17:36:01.000,60.633686,27.078136
2021-10-07 17:56:00.000,60.634415,27.076981
2021-10-07 18:16:39.000,60.634476,27.079023
2021-10-07 18:36:03.000,60.633778,27.083467
2021-10-07 18:45:59.000,60.634193,27.083254
2021-10-07 19:06:01.000,60.634216,27.084038
2021-10-07 19:26:03.000,60.634941,27.084511
2021-10-07 19:46:15.000,60.635269,27.084362
2021-10-07 20:06:10.000,60.635296,27.084827
2021-10-07 20:26:33.000,60.635216,27.084902
2021-10-07 20:46:04.000,60.635635,27.085121
2021-10-07 21:07:03.000,60.636269,27.084591
2021-10-07 21:25:58.000,60.633873,27.080402
2021-10-07 21:45:59.000,60.634632,27.078592
2021-10-07 22:05:59.000,60.635109,27.084934
2021-10-07 22:26:01.000,60.633366,27.085978
2021-10-07 22:46:02.000,60.634121,27.086437
2021-10-07 23:06:02.000,60.634487,27.086327
2021-10-07 23:27:03.000,60.636108,27.082405
2021-10-07 23:46:11.000,60.63652,27.081846
2021-10-08 00:26:27.000,60.636108,27.081852
2021-10-08 00:45:58.000,60.636642,27.08082
2021-10-08 01:06:00.000,60.636772,27.07659
2021-10-08 01:25:59.000,60.636295,27.074928
2021-10-08 01:46:01.000,60.635944,27.072739
2021-10-08 02:07:21.000,60.634037,27.075048
2021-10-08 02:26:27.000,60.634281,27.075485
2021-10-08 02:46:11.000,60.634991,27.074059
2021-10-08 03:06:07.000,60.635578,27.073902
2021-10-08 03:26:04.000,60.635353,27.073563
2021-10-08 03:46:02.000,60.634686,27.078901
2021-10-08 04:06:11.000,60.634724,27.080397
2021-10-08 04:26:04.000,60.634544,27.082058
2021-10-08 04:46:00.000,60.633949,27.081135
2021-10-08 05:06:07.000,60.606293,27.21839
2021-10-08 05:26:05.000,60.623302,27.205402
2021-10-08 06:46:41.000,60.67437,27.058163
2021-10-08 07:06:04.000,60.678761,27.040501
2021-10-08 07:26:00.000,60.670082,27.048405
2021-10-08 07:46:07.000,60.670399,27.048307
2021-10-08 08:06:51.000,60.668755,27.048021
2021-10-08 08:26:33.000,60.678074,27.038931
2021-10-08 08:46:57.000,60.67807,27.038137
2021-10-08 09:06:11.000,60.669361,27.047577
2021-10-08 09:26:27.000,60.669392,27.047586
2021-10-08 09:46:03.000,60.678734,27.047421
2021-10-08 10:06:00.000,60.668774,27.048077
2021-10-08 10:25:59.000,60.6357,27.079273
2021-10-08 10:46:07.000,60.636433,27.079567
2021-10-08 11:06:01.000,60.668541,27.048201
2021-10-08 11:26:09.000,60.668041,27.049824
2021-10-08 11:46:35.000,60.669193,27.051676
2021-10-08 12:06:57.000,60.670963,27.047995
2021-10-08 12:26:02.000,60.671036,27.047832
2021-10-08 12:46:06.000,60.678001,27.040565
2021-10-08 13:06:12.000,60.674862,27.057926
2021-10-08 13:47:21.000,60.63348,27.081501
2021-10-08 14:06:28.000,60.673218,27.054493
2021-10-08 14:27:21.000,60.678608,27.040321
2021-10-08 15:06:41.000,60.673843,27.058765
2021-10-08 15:26:12.000,60.650776,27.069025
2021-10-08 15:46:02.000,60.63641,27.080324
2021-10-08 16:06:09.000,60.634411,27.081413
2021-10-08 16:26:09.000,60.635059,27.081583
2021-10-08 16:46:00.000,60.635296,27.077684
2021-10-08 17:05:58.000,60.63501,27.075953
2021-10-08 17:26:27.000,60.634937,27.074417
2021-10-08 17:46:08.000,60.634953,27.075174
2021-10-08 18:06:46.000,60.635887,27.080286
2021-10-08 18:25:59.000,60.636284,27.081404
2021-10-08 18:46:04.000,60.636311,27.081982
2021-10-08 19:06:05.000,60.634407,27.082142
2021-10-08 19:26:05.000,60.634735,27.082045
2021-10-08 19:46:13.000,60.635384,27.083384
2021-10-08 20:06:11.000,60.635788,27.081226
2021-10-08 20:26:57.000,60.636028,27.081509
2021-10-08 20:46:35.000,60.635208,27.079844
2021-10-08 21:06:05.000,60.634888,27.077976
2021-10-08 21:26:05.000,60.635975,27.079464
2021-10-08 21:46:11.000,60.63588,27.080772
2021-10-08 22:06:27.000,60.636223,27.080019
2021-10-08 22:26:33.000,60.636524,27.081385
2021-10-08 22:46:03.000,60.636242,27.080349
2021-10-08 23:06:33.000,60.636803,27.079082
2021-10-08 23:26:11.000,60.633968,27.082947
2021-10-08 23:45:59.000,60.635555,27.081764
2021-10-09 00:06:02.000,60.634968,27.077099
2021-10-09 00:26:11.000,60.635166,27.07622
2021-10-09 00:46:33.000,60.634148,27.074711
2021-10-09 01:05:59.000,60.633472,27.077055
2021-10-09 01:26:03.000,60.633686,27.077257
2021-10-09 01:46:03.000,60.633987,27.077278
2021-10-09 02:06:24.000,60.633923,27.077131
2021-10-09 02:26:35.000,60.634148,27.077187
2021-10-09 02:46:04.000,60.634312,27.076799
2021-10-09 03:06:06.000,60.634636,27.078108
2021-10-09 03:26:07.000,60.635117,27.079533
2021-10-09 03:46:24.000,60.635349,27.079359
2021-10-09 04:06:33.000,60.634396,27.082767
2021-10-09 04:26:11.000,60.634491,27.081875
2021-10-09 04:45:59.000,60.635899,27.080366
2021-10-09 05:06:00.000,60.634018,27.081959
2021-10-09 05:26:05.000,60.662102,27.057558
2021-10-09 05:47:11.000,60.677578,27.038183
2021-10-09 06:06:03.000,60.669228,27.04917
2021-10-09 06:26:18.000,60.669601,27.047779
2021-10-09 06:46:33.000,60.668858,27.048346
2021-10-09 07:06:04.000,60.668896,27.048235
2021-10-09 07:25:59.000,60.668888,27.048332
2021-10-09 07:46:11.000,60.669296,27.047606
2021-10-09 08:06:51.000,60.669281,27.046967
2021-10-09 08:26:01.000,60.66959,27.045734
2021-10-09 08:47:20.000,60.692532,27.005739
2021-10-09 09:06:27.000,60.669361,27.047615
2021-10-09 09:26:11.000,60.669304,27.047619
2021-10-09 09:45:58.000,60.681477,27.034906
2021-10-09 10:06:03.000,60.681404,27.036003
2021-10-09 10:26:01.000,60.681164,27.035782
2021-10-09 10:47:20.000,60.680893,27.035656
2021-10-09 11:06:41.000,60.671677,27.047636
2021-10-09 11:26:14.000,60.671799,27.047394
2021-10-09 11:46:11.000,60.669209,27.04851
2021-10-09 12:06:01.000,60.66914,27.048574
2021-10-09 12:26:41.000,60.669128,27.048655
2021-10-09 12:46:04.000,60.669117,27.048395
2021-10-09 13:26:39.000,60.634644,27.081903
2021-10-09 13:45:57.000,60.63472,27.083128
2021-10-09 14:06:10.000,60.650227,27.066563
2021-10-09 14:27:20.000,60.680977,27.03627
2021-10-09 15:26:33.000,60.63512,27.081671
2021-10-09 15:46:12.000,60.635059,27.081488
2021-10-09 16:06:33.000,60.634953,27.082792
2021-10-09 16:26:01.000,60.634754,27.081263
2021-10-09 16:46:03.000,60.634014,27.080299
2021-10-09 17:06:00.000,60.634701,27.081656
2021-10-09 17:26:11.000,60.63467,27.079306
2021-10-09 17:45:58.000,60.634377,27.081036
2021-10-09 18:06:01.000,60.635994,27.078497
2021-10-09 18:26:08.000,60.635784,27.080294
2021-10-09 18:46:34.000,60.636017,27.079782
2021-10-09 19:06:32.000,60.635063,27.07756
2021-10-09 19:25:58.000,60.636169,27.07745
2021-10-09 19:47:13.000,60.635281,27.07863
2021-10-09 20:05:56.000,60.634758,27.077896
2021-10-09 20:25:58.000,60.635807,27.07518
2021-10-09 20:46:11.000,60.63586,27.0772
2021-10-09 21:06:35.000,60.635593,27.077507
2021-10-09 21:25:58.000,60.636787,27.077105
2021-10-09 21:45:58.000,60.635429,27.076674
2021-10-09 22:06:27.000,60.634708,27.079237
2021-10-09 22:27:20.000,60.63451,27.074461
2021-10-09 22:46:27.000,60.635124,27.078537
2021-10-09 23:05:58.000,60.635399,27.075293
2021-10-09 23:25:59.000,60.635929,27.074261
2021-10-09 23:45:58.000,60.636303,27.078913
2021-10-10 00:06:14.000,60.636791,27.078522
2021-10-11 00:07:07.000,60.634132,27.084927
2021-10-12 00:07:19.000,60.820065,26.2127
2021-10-12 00:26:11.000,60.82016,26.212208
2021-10-12 00:46:17.000,60.82011,26.212221
2021-10-12 01:06:02.000,60.818764,26.213358
2021-10-12 01:26:03.000,60.81945,26.214199
2021-10-12 01:46:33.000,60.819805,26.213488
2021-10-12 02:06:02.000,60.819771,26.21282
2021-10-12 02:26:27.000,60.818676,26.214691
2021-10-12 02:46:01.000,60.81749,26.215075
2021-10-12 03:06:04.000,60.817673,26.215567
2021-10-12 03:26:08.000,60.818081,26.214834
2021-10-12 03:46:33.000,60.817772,26.215227
2021-10-12 04:05:58.000,60.821079,26.219578
2021-10-12 04:25:57.000,60.819588,26.217539
2021-10-12 04:45:57.000,60.818378,26.21739
2021-10-12 05:05:57.000,60.813797,26.196148
2021-10-12 05:26:07.000,60.813713,26.196451
2021-10-12 05:46:02.000,60.81654,26.132635
2021-10-12 06:47:19.000,60.817162,26.130032
2021-10-12 07:06:57.000,60.816708,26.133097
2021-10-12 07:27:19.000,60.816261,26.133923
2021-10-12 07:47:19.000,60.816097,26.135143
2021-10-12 08:06:02.000,60.815903,26.136112
2021-10-12 08:26:41.000,60.816082,26.13509
2021-10-12 08:46:11.000,60.816162,26.134851
2021-10-12 09:05:57.000,60.816212,26.134588
2021-10-12 09:26:03.000,60.828609,26.217009
2021-10-12 09:46:00.000,60.829456,26.217577
2021-10-12 10:07:03.000,60.829266,26.216784
2021-10-12 10:25:57.000,60.778236,26.060329
2021-10-12 10:46:01.000,60.78904,26.031681
2021-10-12 11:06:07.000,60.78899,26.031519
2021-10-12 11:26:11.000,60.788639,26.030977
2021-10-12 11:47:19.000,60.788441,26.030239
2021-10-12 12:06:05.000,60.788273,26.029781
2021-10-12 12:26:09.000,60.788025,26.030056
2021-10-12 12:47:19.000,60.804306,26.014269
2021-10-12 13:07:19.000,60.816475,25.768045
2021-10-12 13:27:19.000,60.815861,25.764559
2021-10-12 13:46:33.000,60.815128,25.763756
2021-10-12 14:06:00.000,60.816978,25.767111
2021-10-12 14:25:58.000,60.817646,25.764799
2021-10-12 14:46:08.000,60.813911,25.768137
2021-10-12 15:05:59.000,60.813488,25.767708
2021-10-12 15:26:01.000,60.818489,25.771357
2021-10-12 15:46:41.000,60.81469,25.823341
2021-10-12 16:07:03.000,60.768845,26.030136
2021-10-12 16:25:56.000,60.768463,26.028351
2021-10-12 16:45:58.000,60.76894,26.027727
2021-10-12 17:05:59.000,60.769215,26.027365
2021-10-12 17:26:05.000,60.76936,26.0278
2021-10-12 17:46:08.000,60.769051,26.029503
2021-10-12 18:07:03.000,60.769238,26.029818
2021-10-12 18:25:59.000,60.768562,26.031151
2021-10-12 18:46:02.000,60.766872,26.028177
2021-10-12 19:06:26.000,60.766209,26.024912
2021-10-12 19:26:13.000,60.766666,26.023245
2021-10-12 19:46:35.000,60.766514,26.019444
2021-10-12 20:06:33.000,60.76495,26.017099
2021-10-12 20:25:58.000,60.764278,26.017288
2021-10-12 20:45:59.000,60.764641,26.017515
2021-10-12 21:05:59.000,60.764618,26.017754
2021-10-12 21:25:57.000,60.764629,26.018087
2021-10-12 21:46:03.000,60.764343,26.018648
2021-10-12 22:06:12.000,60.76461,26.019238
2021-10-12 22:26:10.000,60.764439,26.018641
2021-10-12 22:46:33.000,60.763199,26.019238
2021-10-12 23:05:58.000,60.762856,26.018566
2021-10-12 23:26:11.000,60.764378,26.016191
2021-10-12 23:47:03.000,60.764141,26.014851
2021-10-13 00:05:57.000,60.763088,26.018595
2021-10-13 00:25:56.000,60.762768,26.01951
2021-10-13 00:46:10.000,60.762688,26.019545
2021-10-13 01:06:02.000,60.762711,26.019537
2021-10-13 01:26:08.000,60.762543,26.019981
2021-10-13 01:46:27.000,60.762196,26.020082
2021-10-13 02:06:33.000,60.761486,26.020485
2021-10-13 02:25:57.000,60.762707,26.022327
2021-10-13 02:45:58.000,60.762989,26.016043
2021-10-13 03:06:05.000,60.76268,26.016024
2021-10-13 03:26:04.000,60.763504,26.013958
2021-10-13 03:46:27.000,60.766022,26.010757
2021-10-13 04:06:11.000,60.76638,26.007431
2021-10-13 04:25:56.000,60.767704,26.013155
2021-10-13 04:46:00.000,60.767879,26.007395
2021-10-13 05:05:57.000,60.750797,25.881159
2021-10-13 05:25:59.000,60.733299,25.747992
2021-10-13 05:47:09.000,60.733551,25.747534
2021-10-13 06:07:18.000,60.731152,25.747667
2021-10-13 06:26:27.000,60.730282,25.746153
2021-10-14 10:47:18.000,55.990002,14.332741
2021-10-14 11:07:05.000,55.99036,14.33272
2021-10-14 11:25:56.000,55.990623,14.332888
2021-10-14 11:46:04.000,55.989285,14.331544
2021-10-14 12:26:12.000,55.989326,14.331493
2021-10-14 12:46:33.000,55.990784,14.33942
2021-10-14 13:06:11.000,55.990726,14.33949
2021-10-14 13:25:55.000,55.990841,14.339281
2021-10-14 13:46:07.000,55.974049,14.27928
2021-10-14 14:05:56.000,55.961479,14.214839
2021-10-14 14:26:18.000,55.961605,14.215186
2021-10-14 14:46:51.000,55.961674,14.215228
2021-10-14 15:05:57.000,55.961411,14.215726
2021-10-14 15:26:00.000,55.961712,14.214984
2021-10-14 15:45:59.000,55.961693,14.21529
2021-10-14 16:06:27.000,55.961315,14.216071
2021-10-14 16:26:02.000,55.965996,14.22158
2021-10-14 16:45:55.000,55.966423,14.224635
2021-10-14 17:05:56.000,55.963646,14.229733
2021-10-14 17:26:08.000,55.961937,14.227537
2021-10-14 17:46:58.000,55.960606,14.227185
2021-10-14 18:07:03.000,55.960453,14.227017
2021-10-14 18:25:59.000,55.960178,14.227339
2021-10-14 18:45:55.000,55.960186,14.22737
2021-10-14 19:06:00.000,55.960152,14.22732
2021-10-14 19:26:00.000,55.960194,14.227327
2021-10-14 19:45:55.000,55.960197,14.228083
2021-10-14 20:06:12.000,55.960182,14.227953
2021-10-14 20:26:03.000,55.960423,14.227446
2021-10-14 20:46:27.000,55.960373,14.227262
2021-10-14 21:06:33.000,55.960255,14.227356
2021-10-14 21:26:00.000,55.960308,14.227106
2021-10-14 21:46:03.000,55.9604,14.22683
2021-10-14 22:06:00.000,55.960789,14.223911
2021-10-14 22:26:07.000,55.960861,14.227525
2021-10-14 22:46:27.000,55.960663,14.224874
2021-10-14 23:06:01.000,55.960407,14.224638
2021-10-14 23:26:11.000,55.960861,14.225653
2021-10-14 23:46:41.000,55.960526,14.226117
2021-10-15 00:05:59.000,55.960476,14.226079
2021-10-15 00:26:04.000,55.960388,14.226158
2021-10-15 00:45:59.000,55.960476,14.225986
2021-10-15 01:06:01.000,55.960457,14.226018
2021-10-15 01:26:16.000,55.960495,14.225958
2021-10-15 01:46:07.000,55.960537,14.225893
2021-10-15 02:06:26.000,55.960545,14.225985
2021-10-15 02:25:55.000,55.960514,14.226098
2021-10-15 02:45:59.000,55.960472,14.225945
2021-10-15 03:05:58.000,55.960506,14.22594
2021-10-15 03:26:04.000,55.96051,14.225901
2021-10-15 03:46:11.000,55.960537,14.226011
2021-10-15 04:06:00.000,55.960575,14.22427
2021-10-15 04:25:56.000,55.960583,14.224086
2021-10-15 04:46:11.000,55.960613,14.22412
2021-10-15 05:07:17.000,55.961281,14.216035
2021-10-15 05:26:11.000,55.960896,14.209952
2021-10-15 05:45:59.000,55.959866,14.222047
2021-10-15 06:07:17.000,55.958786,14.221508
2021-10-15 06:26:33.000,55.956028,14.218906
2021-10-15 06:46:51.000,55.956032,14.22046
2021-10-15 07:05:58.000,55.956421,14.220638
2021-10-15 07:25:58.000,55.956738,14.221446
2021-10-15 07:46:33.000,55.95726,14.222554
2021-10-15 08:06:11.000,55.957321,14.188498
2021-10-15 08:25:57.000,55.964069,14.190659
2021-10-15 09:06:51.000,55.978691,14.185374
2021-10-15 09:25:56.000,55.978863,14.184757
2021-10-15 09:46:00.000,55.977509,14.183477
2021-10-15 10:26:33.000,55.951881,14.120041
2021-10-15 10:45:57.000,55.952381,14.136748
2021-10-15 11:05:57.000,55.951096,14.135952
2021-10-15 11:26:05.000,55.953869,14.124575
2021-10-15 11:46:00.000,55.953888,14.124708
2021-10-15 12:07:17.000,55.966217,14.202516
2021-10-15 12:26:59.000,55.961105,14.215468
2021-10-15 12:45:56.000,55.961086,14.215533
2021-10-15 13:05:59.000,55.961048,14.214306
2021-10-15 13:25:59.000,55.961746,14.213407
2021-10-15 13:46:27.000,55.961826,14.213395
2021-10-15 13:55:54.000,55.962154,14.212326
2021-10-15 14:17:17.000,55.961475,14.209451
2021-10-15 14:27:17.000,55.960144,14.207888
2021-10-15 14:37:17.000,55.961346,14.208477
2021-10-15 14:55:56.000,55.961933,14.207603
2021-10-15 15:06:32.000,55.973701,14.189851
2021-10-15 15:15:59.000,55.972744,14.188189
2021-10-15 15:25:57.000,55.97319,14.188582
2021-10-15 15:35:57.000,55.951351,14.124906
2021-10-15 15:46:03.000,55.950756,14.124811
2021-10-15 15:55:54.000,55.951328,14.12522
2021-10-15 16:05:59.000,55.950825,14.124885
2021-10-15 16:15:55.000,55.950741,14.124837
2021-10-15 16:25:54.000,55.971447,14.221604
2021-10-15 16:35:57.000,55.97168,14.219684
2021-10-15 16:55:58.000,55.97298,14.219342
2021-10-15 17:06:01.000,55.973492,14.218661
2021-10-15 17:16:33.000,55.973911,14.219709
2021-10-15 17:26:06.000,55.974201,14.220566
2021-10-15 17:46:11.000,55.974659,14.222853
2021-10-15 18:06:00.000,55.972889,14.222482
2021-10-15 18:26:00.000,55.971069,14.220217
2021-10-15 18:46:11.000,55.969524,14.220597
2021-10-15 19:05:58.000,55.969246,14.220484
2021-10-15 19:25:56.000,55.969101,14.223443
2021-10-15 19:46:27.000,55.969212,14.224424
2021-10-15 20:27:17.000,55.970352,14.220805
2021-10-15 20:47:17.000,55.968575,14.219849
2021-10-15 21:06:27.000,55.96645,14.217718
2021-10-15 21:25:57.000,55.967949,14.214353
2021-10-15 21:45:59.000,55.966675,14.215665
2021-10-15 22:06:01.000,55.967289,14.217347
2021-10-15 22:26:11.000,55.966969,14.215276
2021-10-15 22:47:11.000,55.96796,14.217484
2021-10-15 23:06:00.000,55.968861,14.216499
2021-10-15 23:27:17.000,55.968716,14.215977
2021-10-15 23:46:11.000,55.967972,14.216099
2021-10-16 00:06:10.000,55.96624,14.213108
2021-10-16 00:25:54.000,55.965836,14.213081
2021-10-16 00:45:57.000,55.964645,14.213964
2021-10-16 01:06:33.000,55.965271,14.217062
2021-10-16 01:25:58.000,55.966064,14.217379
2021-10-16 01:45:56.000,55.966343,14.219183
2021-10-16 02:06:11.000,55.966049,14.221715
2021-10-16 02:26:27.000,55.965881,14.223285
2021-10-16 02:47:17.000,55.967834,14.220799
2021-10-16 03:26:34.000,55.966705,14.22079
2021-10-16 03:46:00.000,55.965881,14.220896
2021-10-16 04:06:27.000,55.966293,14.222645
2021-10-16 04:27:03.000,55.965874,14.224648
2021-10-16 04:45:57.000,55.9659,14.224898
2021-10-16 05:06:51.000,55.966412,14.226269
2021-10-16 05:26:11.000,55.98214,14.158989
2021-10-16 19:26:33.000,55.960384,14.224784
2021-10-16 21:26:27.000,55.960407,14.224495
2021-10-16 23:26:37.000,55.960491,14.224384
2021-10-17 01:26:13.000,55.962902,14.217171
2021-10-17 03:26:26.000,55.961071,14.224575
2021-10-17 12:26:33.000,55.962955,14.210158
2021-10-17 13:25:59.000,55.943111,14.12152
2021-10-17 14:27:16.000,55.945461,14.125585
2021-10-17 15:27:16.000,55.952877,14.125425
2021-10-17 17:27:16.000,55.975365,14.235812
2021-10-17 18:26:03.000,55.967804,14.236439
2021-10-17 19:26:21.000,55.960453,14.225111
2021-10-17 20:26:42.000,55.960602,14.224167
2021-10-17 21:26:27.000,55.961109,14.224633
2021-10-17 22:25:57.000,55.963459,14.225598
2021-10-18 02:26:26.000,55.969028,14.211241
2021-10-18 03:27:16.000,55.968155,14.212019
2021-10-18 04:26:11.000,55.969971,14.208187
2021-10-18 06:26:20.000,55.703648,13.534919
2021-10-18 08:27:16.000,55.705151,13.529661
2021-10-18 09:26:00.000,55.703697,13.52932
2021-10-18 12:26:37.000,55.706017,13.527472
2021-10-18 13:26:54.000,55.705097,13.530182
2021-10-18 14:27:16.000,55.707672,13.537901
2021-10-18 15:26:27.000,55.696033,13.544432
2021-10-18 16:26:27.000,55.700054,13.535276
2021-10-18 17:26:33.000,55.701118,13.533544
2021-10-18 18:25:58.000,55.700478,13.532705
2021-10-18 19:26:08.000,55.700489,13.532735
2021-10-18 21:26:57.000,55.700901,13.533609
2021-10-18 22:26:00.000,55.700867,13.533682
2021-10-19 00:27:16.000,55.70084,13.533625
2021-10-19 01:26:27.000,55.700874,13.533827
2021-10-19 03:26:34.000,55.700871,13.53393
2021-10-19 05:26:33.000,55.700886,13.533912
2021-10-19 07:26:57.000,55.439785,13.211437
2021-10-19 09:26:26.000,55.449898,13.222697
2021-10-19 11:26:07.000,55.409695,13.180483
2021-10-19 21:26:33.000,55.461834,12.937122
2021-10-19 23:26:22.000,55.4618,12.937123
2021-10-20 01:27:03.000,55.460518,12.939284
2021-10-20 03:26:27.000,55.460491,12.939257
2021-10-20 05:26:27.000,55.460434,12.939215
2021-10-20 07:26:13.000,55.426308,13.268624
2021-10-20 09:27:03.000,55.426739,13.26533
2021-10-20 11:27:15.000,55.426949,13.263625
2021-10-20 13:27:15.000,55.429344,13.270581
2021-10-20 15:26:33.000,55.426807,13.267843
2021-10-20 17:26:41.000,55.458054,12.951214
2021-10-20 19:26:33.000,55.460087,12.946296
2021-10-20 21:26:27.000,55.458431,12.948833
2021-10-20 23:27:15.000,55.458492,12.948149
2021-10-21 01:26:27.000,55.458424,12.94812
2021-10-21 03:26:22.000,55.460064,12.948564
2021-10-21 05:26:27.000,55.459709,12.94868
2021-10-21 07:26:20.000,55.419922,13.050904
2021-10-21 09:26:32.000,55.410034,13.051693
2021-10-21 11:26:57.000,55.412102,13.049359
2021-10-21 13:26:57.000,55.412632,13.049881
2021-10-21 15:27:14.000,55.410984,13.050028
2021-10-21 16:26:27.000,55.427269,13.022156
2021-10-21 17:26:33.000,55.458206,12.945226
2021-10-21 18:26:21.000,55.459965,12.943696
2021-10-21 19:25:54.000,55.459961,12.943707
2021-10-21 20:26:32.000,55.459946,12.943673
2021-10-21 21:25:54.000,55.45977,12.94372
2021-10-21 22:25:58.000,55.458893,12.943077
2021-10-21 23:26:11.000,55.458843,12.941417
2021-10-22 00:26:28.000,55.458839,12.9416
2021-10-22 02:26:33.000,55.458817,12.941149
2021-10-22 04:27:14.000,55.458679,12.940634
2021-10-22 06:26:35.000,55.417763,13.105984
2021-10-22 08:26:33.000,55.417233,13.085305
2021-10-22 10:26:00.000,55.420097,13.088205
2021-10-22 16:26:51.000,55.422707,13.06673
2021-10-22 17:26:21.000,55.395,12.893027
2021-10-22 18:26:21.000,55.395035,12.893026
2021-10-22 19:26:11.000,55.395027,12.893011
2021-10-22 20:27:03.000,55.395252,12.892421
2021-10-22 21:26:07.000,55.394821,12.893035
2021-10-22 22:26:27.000,55.395103,12.893052
2021-10-22 23:27:14.000,55.395134,12.893119
2021-10-23 00:26:19.000,55.395142,12.893001
2021-10-23 01:26:11.000,55.395157,12.893009
2021-10-23 02:26:11.000,55.395081,12.893039
2021-10-23 03:26:27.000,55.395164,12.893168
2021-10-23 04:26:11.000,55.395252,12.89312
2021-10-23 05:26:11.000,55.369068,12.849748
2021-10-23 09:27:14.000,54.759029,11.482809
2021-10-23 15:27:14.000,54.769569,11.008627
2021-10-23 16:26:33.000,54.738419,10.987917
2021-10-23 17:27:14.000,54.471004,10.736609
2021-10-23 19:26:33.000,54.078472,9.721585
2021-10-23 21:27:14.000,54.053814,9.133179
2021-10-23 22:26:39.000,54.053276,9.13374
2021-10-23 23:26:11.000,54.053436,9.133531
2021-10-24 00:26:12.000,54.053505,9.133671
2021-10-24 01:26:27.000,54.053291,9.133738
2021-10-24 02:26:11.000,54.053322,9.133761
2021-10-24 03:26:21.000,54.053329,9.133658
2021-10-24 04:26:33.000,54.053326,9.133738
2021-10-24 05:26:21.000,54.053276,9.133671
2021-10-24 06:26:51.000,54.050419,8.99213
2021-10-24 09:26:33.000,54.032997,9.007983
2021-10-24 10:26:28.000,54.031403,9.007053
2021-10-24 11:26:57.000,54.031891,9.006556
2021-10-24 13:26:57.000,54.030815,9.004385
2021-10-24 14:26:27.000,54.030659,9.00456
2021-10-24 15:25:56.000,54.029846,9.003192
2021-10-24 16:26:41.000,54.038109,9.010717
2021-10-24 17:26:33.000,54.044323,8.967308
2021-10-24 18:26:11.000,54.044319,8.967287
2021-10-24 19:26:11.000,54.044277,8.967293
2021-10-24 20:26:35.000,54.04425,8.967053
2021-10-24 21:25:59.000,54.044281,8.96694
2021-10-24 22:26:22.000,54.044342,8.967299
2021-10-24 23:26:27.000,54.04351,8.96736
2021-10-25 00:25:51.000,54.041065,8.96631
2021-10-25 01:26:11.000,54.036106,8.959556
2021-10-25 02:26:27.000,54.035568,8.959311
2021-10-25 03:25:55.000,54.036392,8.95946
2021-10-25 04:26:27.000,54.036411,8.959859
2021-10-25 05:25:52.000,54.040089,8.961235
2021-10-25 07:27:13.000,53.944401,8.936713
2021-10-25 08:27:13.000,53.944157,8.935857
2021-10-25 09:26:33.000,53.964474,8.899892
2021-10-25 10:27:03.000,53.981926,8.906256
2021-10-25 11:26:21.000,53.982201,8.906791
2021-10-25 12:26:11.000,53.980522,8.906501
2021-10-25 13:26:01.000,53.982826,8.907127
2021-10-25 15:27:13.000,53.981823,8.907763
2021-10-25 16:27:13.000,53.981796,8.907854
2021-10-25 17:26:11.000,53.97385,8.856705
2021-10-25 18:26:34.000,53.970554,8.851191
2021-10-25 19:26:11.000,53.97007,8.85082
2021-10-25 20:26:33.000,53.969955,8.850693
2021-10-25 21:25:54.000,53.969982,8.850683
2021-10-25 22:27:13.000,53.972336,8.852591
2021-10-25 23:25:56.000,53.972237,8.852633
2021-10-26 00:27:13.000,53.972309,8.852711
2021-10-26 01:26:34.000,53.974148,8.862711
2021-10-26 02:26:21.000,53.964836,8.869976
2021-10-26 03:26:01.000,53.953323,8.880943
2021-10-26 04:27:13.000,53.953209,8.880704
2021-10-26 05:26:21.000,53.953228,8.880721
2021-10-26 09:27:13.000,53.761826,8.608836
2021-10-26 10:25:52.000,53.638561,8.535669
2021-10-26 11:27:12.000,53.638546,8.51482
2021-10-26 12:27:00.000,53.620056,8.525524
2021-10-26 13:27:12.000,53.619698,8.525434
2021-10-26 14:26:51.000,53.619598,8.525109
2021-10-26 15:25:54.000,53.619682,8.525455
2021-10-26 16:26:57.000,53.554577,8.471946
2021-10-26 17:26:11.000,53.554569,8.471974
2021-10-26 18:25:55.000,53.5546,8.471876
2021-10-26 19:26:19.000,53.557644,8.47334
2021-10-26 20:25:59.000,53.557522,8.473213
2021-10-26 21:26:33.000,53.55761,8.473343
2021-10-26 22:26:11.000,53.557549,8.473393
2021-10-26 23:26:24.000,53.557575,8.473257
2021-10-27 00:25:55.000,53.557579,8.473246
2021-10-27 01:26:11.000,53.555939,8.471847
2021-10-27 02:26:20.000,53.553917,8.471304
2021-10-27 03:25:49.000,53.553295,8.471295
2021-10-27 04:26:37.000,53.553238,8.471259
